bggid;name;rank;min_players;max_players;min_playtime;max_playtime;thumbnail;image
421;1830: Railways & Robber Barons;190;2;7;180;360;https://cf.geekdo-images.com/3EmD1SEI5fVpR4rbdkU0AA__thumb/img/v_GuoUgKbMTvzcRkTcH6aOH9wWs=/fit-in/200x150/filters:strip_icc()/pic882119.jpg;https://cf.geekdo-images.com/3EmD1SEI5fVpR4rbdkU0AA__original/img/cUZaArfHWQol8cYWY_Z4PaMPyC0=/0x0/pic882119.jpg
56257;1886 Loures;;2;6;30;40;https://cf.geekdo-images.com/2eDT8qiYcnTheJab6cQ8dA__thumb/img/BDOnR0lnbcglvxjEkInC5bs-ulY=/fit-in/200x150/filters:strip_icc()/pic557792.jpg;https://cf.geekdo-images.com/2eDT8qiYcnTheJab6cQ8dA__original/img/3-d85HhSNIznvCWc3InH0CSYvNg=/0x0/pic557792.jpg
250621;18Lilliput;2127;1;4;60;90;https://cf.geekdo-images.com/9uH76qr1SXvqoHcmkhb3Gw__thumb/img/hH_LkG15LQc8Z20Jii418njxQsU=/fit-in/200x150/filters:strip_icc()/pic4074251.jpg;https://cf.geekdo-images.com/9uH76qr1SXvqoHcmkhb3Gw__original/img/HJsRFUHiEhrjl9rPu9OpbX6vkh8=/0x0/pic4074251.jpg
257668;1906 San Francisco;2905;2;4;45;60;https://cf.geekdo-images.com/EqM5aQcfwgixrIyQ6F3Zvg__thumb/img/HvWKD8jJzzMa2fOYUL3w2RN1exw=/fit-in/200x150/filters:strip_icc()/pic4256174.jpg;https://cf.geekdo-images.com/EqM5aQcfwgixrIyQ6F3Zvg__original/img/zF_M2BzDJPLcQSaVK5thTS8TsFg=/0x0/pic4256174.jpg
279306;1987 Channel Tunnel;3604;2;2;45;45;https://cf.geekdo-images.com/KUZAIwhKn-gR7gKkunvDNg__thumb/img/7HaCV_GBTz0xJZYlzn_eFjrTXmg=/fit-in/200x150/filters:strip_icc()/pic4741327.jpg;https://cf.geekdo-images.com/KUZAIwhKn-gR7gKkunvDNg__original/img/5qI9UjDHRxvMOuIPBtiZu5MK-p4=/0x0/pic4741327.jpg
68448;7 Wonders;58;2;7;30;30;https://cf.geekdo-images.com/RvFVTEpnbb4NM7k0IF8V7A__thumb/img/ZlG_SRFChObHenw79fAve56_mnk=/fit-in/200x150/filters:strip_icc()/pic860217.jpg;https://cf.geekdo-images.com/RvFVTEpnbb4NM7k0IF8V7A__original/img/3DP_RW5lTX0WrV67s8qi8CsiXoQ=/0x0/pic860217.jpg
204592;The Mysterious Forest;8372;2;4;10;25;https://cf.geekdo-images.com/FAdF7OrAyVM6RlkwBiWyzw__thumb/img/bdptLvMzR46OjLEQJ2jMug28x44=/fit-in/200x150/filters:strip_icc()/pic3147263.jpg;https://cf.geekdo-images.com/FAdF7OrAyVM6RlkwBiWyzw__original/img/I4EaJ9dyXULnSn5gTMGA5hv6PZQ=/0x0/pic3147263.jpg
194880;Dream Home;904;2;4;30;30;https://cf.geekdo-images.com/CtVH__gM0TBISzOzV3OeFQ__thumb/img/2aOcQ_RKw7fJYJTTdWrFHIk6coE=/fit-in/200x150/filters:strip_icc()/pic3176771.jpg;https://cf.geekdo-images.com/CtVH__gM0TBISzOzV3OeFQ__original/img/NdQkTY4E5yivlVRkZvtKDO5tpxg=/0x0/pic3176771.jpg
257077;A Pleasant Journey to Neko;4857;2;4;45;90;https://cf.geekdo-images.com/gakG4FEJdfaqURSbybTdHg__thumb/img/u2l41coertqzk9lIFi6FDpgpdik=/fit-in/200x150/filters:strip_icc()/pic4296635.jpg;https://cf.geekdo-images.com/gakG4FEJdfaqURSbybTdHg__original/img/PSCDWB5BhwehPTXSQFDTgY4Fjqo=/0x0/pic4296635.jpg
130792;The Enchanted Tower;2564;2;4;15;25;https://cf.geekdo-images.com/ob-HUZ7U0MS9mBwUmcE4tQ__thumb/img/yZMnlLp8UogJJwLTFbjrUMsif7g=/fit-in/200x150/filters:strip_icc()/pic2303487.jpg;https://cf.geekdo-images.com/ob-HUZ7U0MS9mBwUmcE4tQ__original/img/uxrNeU3ic0QsEJdvVSm0C_l6_F0=/0x0/pic2303487.jpg
230085;Agra;987;2;4;90;120;https://cf.geekdo-images.com/cb8ydtRuQ-SADwD35oHX9w__thumb/img/wYEIi8jZ2AYZjH4ccv7uSld86L0=/fit-in/200x150/filters:strip_icc()/pic3621105.jpg;https://cf.geekdo-images.com/cb8ydtRuQ-SADwD35oHX9w__original/img/SKGMjesCBZc-o_My_RPRbeNbtM0=/0x0/pic3621105.jpg
256442;Airship City;4287;3;4;75;120;https://cf.geekdo-images.com/OT5ZEWTIHheSBYJiSgRi2g__thumb/img/TMLm10i_IB2PLTyRTjSZ8HOS4mc=/fit-in/200x150/filters:strip_icc()/pic5873955.jpg;https://cf.geekdo-images.com/OT5ZEWTIHheSBYJiSgRi2g__original/img/RTuonBi2HMnvn8qsojNmzzyqOmc=/0x0/filters:format(jpeg)/pic5873955.jpg
6249;Alhambra;471;2;6;45;60;https://cf.geekdo-images.com/OiqKsYDh7pqeRYKG__kMSw__thumb/img/Pj2FP8bV-BHofcDS0eGLh8gzTmI=/fit-in/200x150/filters:strip_icc()/pic4893652.jpg;https://cf.geekdo-images.com/OiqKsYDh7pqeRYKG__kMSw__original/img/kw2inREfU-Jpbpbv9VV1hGa0LWU=/0x0/pic4893652.jpg
42470;Aljubarrota;13480;3;6;70;70;https://cf.geekdo-images.com/yRS4VE4vV-F-LeulY4lkcw__thumb/img/7kQkXpHuBrRriyzb_7HL3rQU-hc=/fit-in/200x150/filters:strip_icc()/pic476784.jpg;https://cf.geekdo-images.com/yRS4VE4vV-F-LeulY4lkcw__original/img/yt8ld-9YKjAzo0RN6Gr3svt14_Y=/0x0/pic476784.jpg
192032;Aljubarrota: The Royal Battle;15378;2;2;5;15;https://cf.geekdo-images.com/y4HoJzjbx_nyBMrar3cO8g__thumb/img/KMZEHgFVndVKVqEJxqGLQZsHoZs=/fit-in/200x150/filters:strip_icc()/pic2847751.jpg;https://cf.geekdo-images.com/y4HoJzjbx_nyBMrar3cO8g__original/img/npaZwM4gOsTE-p5E0_reVwH4P7k=/0x0/pic2847751.jpg
2651;Power Grid;38;2;6;120;120;https://cf.geekdo-images.com/yd6LuatytHRhcFCxCf-EEg__thumb/img/jWTonZ5oYNlPzpELKHIJGWSS0Y8=/fit-in/200x150/filters:strip_icc()/pic4459753.jpg;https://cf.geekdo-images.com/yd6LuatytHRhcFCxCf-EEg__original/img/h8UWt217vzbMWSla-r8O86a6fDc=/0x0/pic4459753.jpg
5404;Amun-Re;360;3;5;90;90;https://cf.geekdo-images.com/wFD0mXh1AZshtsYlrBXyzA__thumb/img/nLzU6sEdEIrWcjgBVOlj-Jfsl6s=/fit-in/200x150/filters:strip_icc()/pic2748305.jpg;https://cf.geekdo-images.com/wFD0mXh1AZshtsYlrBXyzA__original/img/RPLChjDoiJ07FkMcj1T5iAVmZ3M=/0x0/pic2748305.jpg
232303;Amun-Re: The Card Game;4494;2;5;45;45;https://cf.geekdo-images.com/EWHQLiET4YUtP2ytU8MUQA__thumb/img/YCK4Ew9T5moFqVTN2a17WGfKppo=/fit-in/200x150/filters:strip_icc()/pic3674774.jpg;https://cf.geekdo-images.com/EWHQLiET4YUtP2ytU8MUQA__original/img/V9llP9i7A_gouYqPX4r09aOxTJY=/0x0/pic3674774.jpg
19600;Antike;763;2;6;120;120;https://cf.geekdo-images.com/qBeZa2sdkpJYmqBXHjZWOw__thumb/img/-u6Eu5lO6yRRnm1XqLpL3aHtQW8=/fit-in/200x150/filters:strip_icc()/pic171444.jpg;https://cf.geekdo-images.com/qBeZa2sdkpJYmqBXHjZWOw__original/img/WQVgWSzLrghtP92mpv3_RkIixtQ=/0x0/pic171444.jpg
13122;Antiquity;234;2;4;120;180;https://cf.geekdo-images.com/CDORbD8KPxSXBaJrdHtN2Q__thumb/img/msitlnovDr7wZinoLdFSBFTLMiA=/fit-in/200x150/filters:strip_icc()/pic3731052.png;https://cf.geekdo-images.com/CDORbD8KPxSXBaJrdHtN2Q__original/img/iqyexz_jg-L3RxygQ5x--QcIlZA=/0x0/pic3731052.png
159508;AquaSphere;465;2;4;100;100;https://cf.geekdo-images.com/K7Hq_KDgr8jJHMtW21XcfQ__thumb/img/ZddcJnCbwkBUoilb5x-Bj-k7tio=/fit-in/200x150/filters:strip_icc()/pic2197124.jpg;https://cf.geekdo-images.com/K7Hq_KDgr8jJHMtW21XcfQ__original/img/ZVq8NpSeBVl_A3VRXOGMSggn8Sw=/0x0/pic2197124.jpg
246150;Arraial;3251;1;4;30;30;https://cf.geekdo-images.com/VsvFUf5ahP6htkvWNaBS7A__thumb/img/Bp2I0K5XJeAEANxOB10A-tthRVk=/fit-in/200x150/filters:strip_icc()/pic4089634.jpg;https://cf.geekdo-images.com/VsvFUf5ahP6htkvWNaBS7A__original/img/9Kj2kUcxFAqtboonCYYaEPb2dBQ=/0x0/pic4089634.jpg
198287;Legends of Andor: The Last Hope;1927;2;4;60;90;https://cf.geekdo-images.com/7ez-k_JKGpPPIK6iPMANXg__thumb/img/e_KCi1ClG5qSB8WK9k4FLXRF_84=/fit-in/200x150/filters:strip_icc()/pic3617946.jpg;https://cf.geekdo-images.com/7ez-k_JKGpPPIK6iPMANXg__original/img/UeB-M_78d5tgExQ5IYEdxegA1r4=/0x0/pic3617946.jpg
203410;Ascended;16741;1;4;60;90;https://cf.geekdo-images.com/bpiih7foDdNItKEFD6qhww__thumb/img/ixlQ6rL4PHYfPHDOdE836vhwFro=/fit-in/200x150/filters:strip_icc()/pic3252432.jpg;https://cf.geekdo-images.com/bpiih7foDdNItKEFD6qhww__original/img/m2lx48_ramtlJF2DpcBUZlL2RiI=/0x0/pic3252432.jpg
131118;Asgard;2656;2;4;60;120;https://cf.geekdo-images.com/iXUOC-Cd3GKTm927hCxl1A__thumb/img/rOYIdjeu_3AaRXzcT2Z74quyAqw=/fit-in/200x150/filters:strip_icc()/pic1529138.jpg;https://cf.geekdo-images.com/iXUOC-Cd3GKTm927hCxl1A__original/img/WM8EubfNoU_xkVnHe-Kt2Apjk-I=/0x0/pic1529138.jpg
245325;Athens;17249;2;4;30;50;https://cf.geekdo-images.com/1RcJKnVOsvqZyMo3HEyq0w__thumb/img/b0-s4iIuHWajMEvCwDAlPu2NbrM=/fit-in/200x150/filters:strip_icc()/pic3974461.jpg;https://cf.geekdo-images.com/1RcJKnVOsvqZyMo3HEyq0w__original/img/UmN6KXd2h-_Y7B7WEBSbQ3PPrIg=/0x0/pic3974461.jpg
39351;Automobile;453;3;5;120;120;https://cf.geekdo-images.com/lJOntTfaU-lbCZsFcRxA8A__thumb/img/dUoQJ_WTooIEcPfMOi8E7Lt66_8=/fit-in/200x150/filters:strip_icc()/pic744514.jpg;https://cf.geekdo-images.com/lJOntTfaU-lbCZsFcRxA8A__original/img/RwQJMGiRADlWRiee_AiijICTDxg=/0x0/pic744514.jpg
230802;Azul;47;2;4;30;45;https://cf.geekdo-images.com/tz19PfklMdAdjxV9WArraA__thumb/img/debo694HgBaIBeNGyxu1ELUbQGA=/fit-in/200x150/filters:strip_icc()/pic3718275.jpg;https://cf.geekdo-images.com/tz19PfklMdAdjxV9WArraA__original/img/9-SR48jyfxs4At6255sjHoly2sw=/0x0/pic3718275.jpg
256226;Azul: Stained Glass of Sintra;304;2;4;30;45;https://cf.geekdo-images.com/RrYR1xB8H7D1B5GwNV8jgQ__thumb/img/vUGmS3mniayuyVOG-1ulrVGnjSg=/fit-in/200x150/filters:strip_icc()/pic4212417.jpg;https://cf.geekdo-images.com/RrYR1xB8H7D1B5GwNV8jgQ__original/img/jcI2vRwxb_UyU_DulPft3R7Fc9w=/0x0/pic4212417.jpg
266164;Babylonia;1650;2;4;60;60;https://cf.geekdo-images.com/XKdSpV2ZTdOEd0NXy3Ig1Q__thumb/img/Gvkzb72NQtK-Poor3FJXfj-L8RU=/fit-in/200x150/filters:strip_icc()/pic4657338.jpg;https://cf.geekdo-images.com/XKdSpV2ZTdOEd0NXy3Ig1Q__original/img/S3lN2MTk7WfE6nvOc4Dw2HhDiaE=/0x0/pic4657338.jpg
251247;Barrage;71;1;4;60;120;https://cf.geekdo-images.com/jEPmWvvYpqkWrKOzqIHFsg__thumb/img/kMLIpeqA6UcUvQg2AdMwwQoEIfU=/fit-in/200x150/filters:strip_icc()/pic4336469.png;https://cf.geekdo-images.com/jEPmWvvYpqkWrKOzqIHFsg__original/img/2B-1xoI7rLxznea34Hf518fQHTE=/0x0/pic4336469.png
760;Battle Line;222;2;2;30;30;https://cf.geekdo-images.com/RnbZfspkPRfr6EMkRkac2Q__thumb/img/HUtyu4RUS0dBnNNSVGO88hWtHnw=/fit-in/200x150/filters:strip_icc()/pic149717.jpg;https://cf.geekdo-images.com/RnbZfspkPRfr6EMkRkac2Q__original/img/LzLbfz1zXw9P-T27k-nhjDddHvE=/0x0/pic149717.jpg
28723;Before the Wind;2141;2;4;75;75;https://cf.geekdo-images.com/b9c1W94qk8a7J0vP-lRapA__thumb/img/vnmLOMs4vQqgAiz_OGOPN8uhsb8=/fit-in/200x150/filters:strip_icc()/pic722313.jpg;https://cf.geekdo-images.com/b9c1W94qk8a7J0vP-lRapA__original/img/UbAihwf7XuuSmknzIuOTTYS4quI=/0x0/pic722313.jpg
134068;BIOS: Origins;;1;5;300;300;https://cf.geekdo-images.com/eRvUqkFmnUytnw-O_9svHg__thumb/img/Wb9XpJnnI_vfbVhtLLC62xAlURQ=/fit-in/200x150/filters:strip_icc()/pic1675729.jpg;https://cf.geekdo-images.com/eRvUqkFmnUytnw-O_9svHg__original/img/_YaXGw1V18wwvJHerxgkvqwSukE=/0x0/pic1675729.jpg
148282;Black Hat;9811;2;6;30;45;https://cf.geekdo-images.com/uGdqrLvk72Fjp7P94M0Uew__thumb/img/Eqasd38jtZNQREX5-qK1EZlrMcI=/fit-in/200x150/filters:strip_icc()/pic2496436.jpg;https://cf.geekdo-images.com/uGdqrLvk72Fjp7P94M0Uew__original/img/JrWzxxHfHRG4a9-xE_jK4gleey4=/0x0/pic2496436.jpg
170216;Blood Rage;34;2;4;60;90;https://cf.geekdo-images.com/HkZSJfQnZ3EpS214xtuplg__thumb/img/NLhVdU8xazrgS5dA6nVCYmN2DNI=/fit-in/200x150/filters:strip_icc()/pic2439223.jpg;https://cf.geekdo-images.com/HkZSJfQnZ3EpS214xtuplg__original/img/p4IovYzLVXqxY40lbGUu92VxaIQ=/0x0/pic2439223.jpg
274688;Board Game Cafe Frenzy;9765;2;5;30;60;https://cf.geekdo-images.com/RHdtPc0Um00Xfhxpj2oNVA__thumb/img/jhY-2kLOL-KiaaoB2YoMhFJSv1g=/fit-in/200x150/filters:strip_icc()/pic4739071.jpg;https://cf.geekdo-images.com/RHdtPc0Um00Xfhxpj2oNVA__original/img/7Gi7NS_yapAzXanzwLsIwr9ELE8=/0x0/pic4739071.jpg
11;Bohnanza;445;2;7;45;45;https://cf.geekdo-images.com/hTK_hi_S0RvDRuZKyNEgvQ__thumb/img/laOeOkZJnxHAmCPp7OCg66Xd-zY=/fit-in/200x150/filters:strip_icc()/pic69366.jpg;https://cf.geekdo-images.com/hTK_hi_S0RvDRuZKyNEgvQ__original/img/Hwyjq4cYfXY2l07Hm9mncHlrI4U=/0x0/pic69366.jpg
28720;Brass: Lancashire;19;2;4;60;120;https://cf.geekdo-images.com/0BsjJY9MTlx9DRrlkeE69w__thumb/img/9SUEXpaf_ZdaeR0oS7BS55G5lCw=/fit-in/200x150/filters:strip_icc()/pic5482020.jpg;https://cf.geekdo-images.com/0BsjJY9MTlx9DRrlkeE69w__original/img/nIOhgzeGDH3heuZ_fGpM-JMla30=/0x0/pic5482020.jpg
188343;Brides & Bribes;5761;2;5;60;90;https://cf.geekdo-images.com/nYTRLToRdRgwsr7x1eyJTA__thumb/img/PNyMMGojGpVEHwrRV2AktIgNNw8=/fit-in/200x150/filters:strip_icc()/pic3741964.jpg;https://cf.geekdo-images.com/nYTRLToRdRgwsr7x1eyJTA__original/img/QNA9R1x3Gb4wXkB099E97JQq2gY=/0x0/pic3741964.jpg
275913;Bruxelles 1897;1830;2;4;40;60;https://cf.geekdo-images.com/epYZrJ9M2vTl6ITcl28eQg__thumb/img/IX5iReRJ9qKz7NPG2QBiGa3M9nY=/fit-in/200x150/filters:strip_icc()/pic4830437.jpg;https://cf.geekdo-images.com/epYZrJ9M2vTl6ITcl28eQg__original/img/90m-PiOjDXE938tkCOQixL_lEuQ=/0x0/pic4830437.jpg
552;Bus;819;3;5;120;120;https://cf.geekdo-images.com/kdUgrIW97AMy0X_ZAXKBIQ__thumb/img/4M7epe99tiI_bvQGRPMo7OvxSko=/fit-in/200x150/filters:strip_icc()/pic4908538.jpg;https://cf.geekdo-images.com/kdUgrIW97AMy0X_ZAXKBIQ__original/img/Pv5rlW7tANo9HpqG56ZiysAGsks=/0x0/pic4908538.jpg
60954;Cabemos Todos?;;2;6;40;40;https://cf.geekdo-images.com/O8A_eHD-2t4mrsVk15U25w__thumb/img/_T9k6_WxANc2bNrA4Ugy009o2Tw=/fit-in/200x150/filters:strip_icc()/pic611933.jpg;https://cf.geekdo-images.com/O8A_eHD-2t4mrsVk15U25w__original/img/-K5izADjfOVmzKnaE5T0hs2wpVU=/0x0/pic611933.jpg
255455;Captains of the Gulf;3488;2;4;75;120;https://cf.geekdo-images.com/ccLf4dNnBeMLiezpzFS0ZA__thumb/img/4ItTKymjPXsPKcwln0JE5ZJZoSw=/fit-in/200x150/filters:strip_icc()/pic5413301.jpg;https://cf.geekdo-images.com/ccLf4dNnBeMLiezpzFS0ZA__original/img/P5lB06zarA68eWbcIH5n_GaL-XA=/0x0/pic5413301.jpg
72131;Caravelas;8895;2;4;75;75;https://cf.geekdo-images.com/nZ6JMUuWAqEdNhExNvh1Mw__thumb/img/HTLMUqM0oP2N6U2zHEKxr3oLJxo=/fit-in/200x150/filters:strip_icc()/pic1031900.jpg;https://cf.geekdo-images.com/nZ6JMUuWAqEdNhExNvh1Mw__original/img/Vfuq2rQDl7gT2_3HQNdHLbD4rDM=/0x0/pic1031900.jpg
245934;Carpe Diem;363;2;4;45;75;https://cf.geekdo-images.com/BH0NsMS5GouUtbj2bZpI1A__thumb/img/J5d2disfFCJe1urEgwGiL8pvM_Y=/fit-in/200x150/filters:strip_icc()/pic4308140.jpg;https://cf.geekdo-images.com/BH0NsMS5GouUtbj2bZpI1A__original/img/1XB7elpfS6Gm6MDqLI9nfwidZ8w=/0x0/filters:format(jpeg)/pic4308140.jpg
18602;Caylus;72;2;5;60;150;https://cf.geekdo-images.com/yC7nOSc1x5PT-oNnh6TEcQ__thumb/img/ec9AK_e7FTbxy9tA8er2wW4UnqA=/fit-in/200x150/filters:strip_icc()/pic1638795.jpg;https://cf.geekdo-images.com/yC7nOSc1x5PT-oNnh6TEcQ__original/img/90BzC8_Dgc9uDswnZsu7Qa3oHvI=/0x0/pic1638795.jpg
169318;City of Spies: Estoril 1942;1649;2;4;45;60;https://cf.geekdo-images.com/ghb1CT55OF8_Azl02D8n0g__thumb/img/lSNtw9F-ciAL8fn4npk2olr5PcM=/fit-in/200x150/filters:strip_icc()/pic2860096.png;https://cf.geekdo-images.com/ghb1CT55OF8_Azl02D8n0g__original/img/CGec_V-LSPCoc8hF22SA_TaD6v4=/0x0/pic2860096.png
214880;City of the Big Shoulders;644;2;4;120;180;https://cf.geekdo-images.com/JImiygpumS35fVxlfsRPXw__thumb/img/4JoMwGJySRhnioxER3OEj6r0uYg=/fit-in/200x150/filters:strip_icc()/pic4223934.jpg;https://cf.geekdo-images.com/JImiygpumS35fVxlfsRPXw__original/img/xPq4xfZ9E8hOiZj9_teKRKy849M=/0x0/pic4223934.jpg
216132;Clans of Caledonia;43;1;4;30;120;https://cf.geekdo-images.com/SPuwc6RJ6y4PnTH36Pegsg__thumb/img/M_6Yxp0A_NbebWk3Mepinsm96WI=/fit-in/200x150/filters:strip_icc()/pic3511783.png;https://cf.geekdo-images.com/SPuwc6RJ6y4PnTH36Pegsg__original/img/wMBrwd-ZnHVV_XvVT3Tc6LtD0Ng=/0x0/pic3511783.png
72225;CO₂;769;1;5;120;120;https://cf.geekdo-images.com/7CdjkzPByup72oLWuOg9AA__thumb/img/NUltG_U1uGXWs3rwv86Om0hQgHE=/fit-in/200x150/filters:strip_icc()/pic1350204.jpg;https://cf.geekdo-images.com/7CdjkzPByup72oLWuOg9AA__original/img/tcs6BRqLFMbN1tEd-3MGaETdVaU=/0x0/pic1350204.jpg
124361;Concordia;18;2;5;100;100;https://cf.geekdo-images.com/CzwSm8i7tkLz6cBnrILZBg__thumb/img/ESPSltYYSFK-aJw6jOTdQrJGpOc=/fit-in/200x150/filters:strip_icc()/pic3453267.jpg;https://cf.geekdo-images.com/CzwSm8i7tkLz6cBnrILZBg__original/img/abKLQBfHHaouqsLx7GGiIzqXBu8=/0x0/pic3453267.jpg
269595;Copenhagen;1184;2;4;20;40;https://cf.geekdo-images.com/9rxcvgJyZ4_gJ651hMBU_A__thumb/img/05JsAezAZt6d8p8tWbePI_gycZU=/fit-in/200x150/filters:strip_icc()/pic4518807.jpg;https://cf.geekdo-images.com/9rxcvgJyZ4_gJ651hMBU_A__original/img/zSUsUcAXk2l__CwCG83y5MlFb6k=/0x0/pic4518807.jpg
168900;D. Afonso Henriques;13582;2;4;45;45;https://cf.geekdo-images.com/tR2Qrvm6lu5kT2tkybzAnA__thumb/img/QsH59AZBkwT_vrsvRaWLUMFtpBg=/fit-in/200x150/filters:strip_icc()/pic2305626.jpg;https://cf.geekdo-images.com/tR2Qrvm6lu5kT2tkybzAnA__original/img/wNKXFQJIjFGk3tnVb_fSGXLnGOE=/0x0/pic2305626.jpg
234920;Darwinning!;11158;2;6;45;75;https://cf.geekdo-images.com/yzqC9igDwrshoB9VN7Pm5g__thumb/img/et_5FwenoFWzk8qLcFztGR7FLQ0=/fit-in/200x150/filters:strip_icc()/pic4003531.png;https://cf.geekdo-images.com/yzqC9igDwrshoB9VN7Pm5g__original/img/L5wRlEspKDQI4KjeiCa7wMP4Rfk=/0x0/pic4003531.png
230267;Dice Settlers;1310;1;4;45;60;https://cf.geekdo-images.com/Rq78Zg67kx0Ay24kgNnx0Q__thumb/img/weF3RZ3u_waKER89aCEKW-ciQPc=/fit-in/200x150/filters:strip_icc()/pic4145901.jpg;https://cf.geekdo-images.com/Rq78Zg67kx0Ay24kgNnx0Q__original/img/S9KytBd0vfTP5WvjXcjgEI1dKTM=/0x0/pic4145901.jpg
260239;Dicium;7470;1;4;30;60;https://cf.geekdo-images.com/pfeaN6g6CYpI03wgHqmYSg__thumb/img/TOvJphfZaFKSIVVGm-7GoaIWTTE=/fit-in/200x150/filters:strip_icc()/pic4297341.jpg;https://cf.geekdo-images.com/pfeaN6g6CYpI03wgHqmYSg__original/img/ZVaac-70WtAosIQPBf6ADstHBck=/0x0/pic4297341.jpg
125675;Doctor Who: The Card Game;8451;2;4;20;60;https://cf.geekdo-images.com/abNcykgcvAIvyZpmZY9Lew__thumb/img/l91104qfHunxC48wvhlD6zDqsgM=/fit-in/200x150/filters:strip_icc()/pic1327331.jpg;https://cf.geekdo-images.com/abNcykgcvAIvyZpmZY9Lew__original/img/9OUhqBMKd1r6eWny8oSLdY0Rvbs=/0x0/pic1327331.jpg
260330;DOSA;;1;99;15;15;https://cf.geekdo-images.com/ZvO-1tOqXREm7Wy9GjSWQA__thumb/img/9lwrCDUTPEaE0GH1r63GVgjPN4Y=/fit-in/200x150/filters:strip_icc()/pic4349832.jpg;https://cf.geekdo-images.com/ZvO-1tOqXREm7Wy9GjSWQA__original/img/pTzvuJmSNDAV2zQ9QL6azjhG4ks=/0x0/pic4349832.jpg
256380;Douro 1872;10836;2;5;15;25;https://cf.geekdo-images.com/F1Zv2zmciZReCUYFdE0Qzw__thumb/img/3J0TI8T_h9k8ogeaGCJN8rhe3rI=/fit-in/200x150/filters:strip_icc()/pic4227187.png;https://cf.geekdo-images.com/F1Zv2zmciZReCUYFdE0Qzw__original/img/_8mg_xoGY30PPJ0J-5Rp1zV-uRU=/0x0/pic4227187.png
215311;Downforce;358;2;6;20;40;https://cf.geekdo-images.com/c74C-NVJHuMVxt6A_j2TsA__thumb/img/OUdT3uFyqBBzN7q9ZDFN6WBiecU=/fit-in/200x150/filters:strip_icc()/pic3432548.png;https://cf.geekdo-images.com/c74C-NVJHuMVxt6A_j2TsA__original/img/mrYR-Z7aCJSmwZFeA1lSXZ592L8=/0x0/pic3432548.png
205080;Dragons & Chickens;10947;2;5;15;20;https://cf.geekdo-images.com/DvM3kB-fjrYLJ0KrE-6hgA__thumb/img/djUXu4BpOwDshSyRz9W86yXLktE=/fit-in/200x150/filters:strip_icc()/pic3139186.jpg;https://cf.geekdo-images.com/DvM3kB-fjrYLJ0KrE-6hgA__original/img/Duus6_QAoHtOD2JlOfZ35l5nCzs=/0x0/pic3139186.jpg
503;Through the Desert;492;2;5;45;45;https://cf.geekdo-images.com/AuiR-lD7RsdYLXbxMaQI8A__thumb/img/020Q_crmzh9cGgwv-5excCcxFwg=/fit-in/200x150/filters:strip_icc()/pic3764263.jpg;https://cf.geekdo-images.com/AuiR-lD7RsdYLXbxMaQI8A__original/img/qMspa3GI2sMHCvTvRvJQ5uxIw2E=/0x0/pic3764263.jpg
257378;East Indiaman;8153;2;4;60;90;https://cf.geekdo-images.com/AoAe4XQaDi1jyiwrvMDn0A__thumb/img/of51RIbcW61hI4fkOYBzuwm4XMU=/fit-in/200x150/filters:strip_icc()/pic4273245.jpg;https://cf.geekdo-images.com/AoAe4XQaDi1jyiwrvMDn0A__original/img/X5_fJSfImSWv5dIEFB2IlmEIVE4=/0x0/pic4273245.jpg
41916;The Magic Labyrinth;1043;2;4;20;30;https://cf.geekdo-images.com/pxaH7_Vihsg-nJBsXLvCRA__thumb/img/MoLZ7glHk6EEbGQSHauFLJIqFl4=/fit-in/200x150/filters:strip_icc()/pic953186.jpg;https://cf.geekdo-images.com/pxaH7_Vihsg-nJBsXLvCRA__original/img/47fBpm_q3p_4rwqWCuUGmAFK88k=/0x0/pic953186.jpg
286431;Electropolis;3651;2;4;50;70;https://cf.geekdo-images.com/scaF_quUdQ07_bSuoph7FQ__thumb/img/9cDT5gu7kIzE4QGx5nDM7PN4SxY=/fit-in/200x150/filters:strip_icc()/pic4898848.jpg;https://cf.geekdo-images.com/scaF_quUdQ07_bSuoph7FQ__original/img/SiF642gT4NUCeZd4wSmxHooOc6A=/0x0/pic4898848.jpg
200;Entdecker;2723;2;4;60;60;https://cf.geekdo-images.com/qXUTaJxFGRqX1G9hCHv_vQ__thumb/img/roUGcOtYQxZXvdZvZEnp5t_tFrM=/fit-in/200x150/filters:strip_icc()/pic194144.jpg;https://cf.geekdo-images.com/qXUTaJxFGRqX1G9hCHv_vQ__original/img/4k_X06K7AEip17UiONJqN8BdVi8=/0x0/pic194144.jpg
175621;Epic Card Game;1871;2;4;20;40;https://cf.geekdo-images.com/DfhQjeh-IzvUMFH__QUDXA__thumb/img/TrfK1csWE7BMdCMmG8TQWLb5fAE=/fit-in/200x150/filters:strip_icc()/pic2691347.jpg;https://cf.geekdo-images.com/DfhQjeh-IzvUMFH__QUDXA__original/img/0j8wKjZr4TYFLYARJ9JdSreZfDM=/0x0/pic2691347.jpg
220780;Fairy Tile;3615;2;4;30;30;https://cf.geekdo-images.com/RH3a82GuQKFR2thWHr9aLA__thumb/img/VrpCghXCWbowAyVDMNEAj_Mz6bk=/fit-in/200x150/filters:strip_icc()/pic3780045.jpg;https://cf.geekdo-images.com/RH3a82GuQKFR2thWHr9aLA__original/img/1u2_IULEeUA8VJJnh6snkmn7ONk=/0x0/pic3780045.jpg
256381;Fado: Duetos e Desgarradas;9388;2;4;20;30;https://cf.geekdo-images.com/Pit2WVvlr1ZO0swLSoEUww__thumb/img/iUgl6xOVPK0gTi8AAbWAzG7b8Fs=/fit-in/200x150/filters:strip_icc()/pic4225929.png;https://cf.geekdo-images.com/Pit2WVvlr1ZO0swLSoEUww__original/img/6wXGmbYPO5ySPRh73tfhShbqMqc=/0x0/pic4225929.png
13823;Fairy Tale;955;2;5;30;30;https://cf.geekdo-images.com/J86NZuK4hEnKWST-fH7LcA__thumb/img/wmsDgtzLQyDsW3qkZL78OVUZW-M=/fit-in/200x150/filters:strip_icc()/pic2024738.jpg;https://cf.geekdo-images.com/J86NZuK4hEnKWST-fH7LcA__original/img/7yFOVVLf3qv1JE-LfEZiONR5vvM=/0x0/pic2024738.jpg
199478;Flamme Rouge;195;2;4;30;45;https://cf.geekdo-images.com/sUrK5CCscls-tTc2hJWDPg__thumb/img/tBSMuRSHRl4M8-dVxcThAC1yXbs=/fit-in/200x150/filters:strip_icc()/pic3482521.jpg;https://cf.geekdo-images.com/sUrK5CCscls-tTc2hJWDPg__original/img/LJPEL6OqjxNSJuHVuZ9FnlBjplc=/0x0/pic3482521.jpg
284825;Florenza Dice Game;5385;1;4;30;90;https://cf.geekdo-images.com/h7Su2-OmvEgR_anfd33oXw__thumb/img/B4qm79eF2vypKerWKJmX0B_Yezg=/fit-in/200x150/filters:strip_icc()/pic4855203.jpg;https://cf.geekdo-images.com/h7Su2-OmvEgR_anfd33oXw__original/img/ReHniYpjf1V8qQfjIiIppVYNYkw=/0x0/pic4855203.jpg
13904;Floresta Encantada;;2;4;15;15;https://cf.geekdo-images.com/PYpv01zJiFO333dFwlkFLQ__thumb/img/nmqfVBshheQsTqRH_GkGrqaZEVo=/fit-in/200x150/filters:strip_icc()/pic3920182.jpg;https://cf.geekdo-images.com/PYpv01zJiFO333dFwlkFLQ__original/img/1ocSqb8IqEZEprY5smBHvAtShWg=/0x0/pic3920182.jpg
175914;Food Chain Magnate;30;2;5;120;240;https://cf.geekdo-images.com/Wtxml94LAXsIWQCxGPS63Q__thumb/img/LKU2KoMev222qUIKyNqaCF_ZLPY=/fit-in/200x150/filters:strip_icc()/pic2649434.png;https://cf.geekdo-images.com/Wtxml94LAXsIWQCxGPS63Q__original/img/wYRsC32bPDRShIYzWs2hUglfcTc=/0x0/pic2649434.png
256769;Forwarder of Xanadu;10149;3;5;120;120;https://cf.geekdo-images.com/nO5DxgcarS5Fs_c-0714cA__thumb/img/U7DVyTcLuxSdekgdbEFMD8TjG28=/fit-in/200x150/filters:strip_icc()/pic4232704.jpg;https://cf.geekdo-images.com/nO5DxgcarS5Fs_c-0714cA__original/img/JBWgYtlxH4fddne-dkqhhy4sOHI=/0x0/pic4232704.jpg
262540;Freshwater Fly;2489;1;4;40;90;https://cf.geekdo-images.com/EaHi3zL3D9bZwZWxWkrxFA__thumb/img/TCgo8OXw8NdFesaXAOgXybjVWKc=/fit-in/200x150/filters:strip_icc()/pic4454789.png;https://cf.geekdo-images.com/EaHi3zL3D9bZwZWxWkrxFA__original/img/tnTEEYu08R7sCGXNCVN9zMfrW2U=/0x0/pic4454789.png
220308;Gaia Project;7;1;4;60;150;https://cf.geekdo-images.com/hGWFm3hbMlCDsfCsauOQ4g__thumb/img/NNG7Ijyx4evp5gcVReis9i0koas=/fit-in/200x150/filters:strip_icc()/pic5375625.png;https://cf.geekdo-images.com/hGWFm3hbMlCDsfCsauOQ4g__original/img/WY8Ce20W-Y-tYhVqSJxev74EJKI=/0x0/pic5375625.png
31621;Gangster;5129;2;5;90;90;https://cf.geekdo-images.com/dX_6a5PjYneaCukvrwOP0w__thumb/img/Y8x4NND4tezB4lXFDDXbUYAR3RY=/fit-in/200x150/filters:strip_icc()/pic258917.jpg;https://cf.geekdo-images.com/dX_6a5PjYneaCukvrwOP0w__original/img/vQUoB4zOWKxKHVczScualIrQSis=/0x0/pic258917.jpg
282918;Garum;6079;2;4;20;45;https://cf.geekdo-images.com/Y84r9VRGNZlF3J7lcyYJCQ__thumb/img/p-iIVhxq4Z39RN5gT8doX_9waQY=/fit-in/200x150/filters:strip_icc()/pic4884757.jpg;https://cf.geekdo-images.com/Y84r9VRGNZlF3J7lcyYJCQ__original/img/kuV5Ry9wDJtOxhac50_7xavJJnQ=/0x0/pic4884757.jpg
35285;German Railways;2515;3;5;60;60;https://cf.geekdo-images.com/uq5us1tzk6ACciheTBrfNQ__thumb/img/gGLQDhZFwQh9AYxQziO7asLihxU=/fit-in/200x150/filters:strip_icc()/pic4217596.jpg;https://cf.geekdo-images.com/uq5us1tzk6ACciheTBrfNQ__original/img/6BmcwSNqQ-5WNeQT1UnZSVfaHS8=/0x0/pic4217596.jpg
265188;Glen More II: Chronicles;237;2;4;90;120;https://cf.geekdo-images.com/sMRuph3HFUcaSpJZihGZKw__thumb/img/UHuDcnjAwCiXbNfjuY26-EEnG2M=/fit-in/200x150/filters:strip_icc()/pic5841874.jpg;https://cf.geekdo-images.com/sMRuph3HFUcaSpJZihGZKw__original/img/_G48F-K4QNfcMwJuTQdCVP19-Us=/0x0/pic5841874.jpg
9216;Goa;176;2;4;90;90;https://cf.geekdo-images.com/9sbSKcc-Fm8Od5wwuf3kgg__thumb/img/pb63LQr94bzh4Z6ofLNJoijRlxU=/fit-in/200x150/filters:strip_icc()/pic1215969.jpg;https://cf.geekdo-images.com/9sbSKcc-Fm8Od5wwuf3kgg__original/img/ZO3q3cZqX_34C9i7MriB4u6txjk=/0x0/pic1215969.jpg
182874;Grand Austria Hotel;92;2;4;60;120;https://cf.geekdo-images.com/d4It-gdWY4GZVYSjbq20gQ__thumb/img/b_KgnMcnGbqF9xc3DdfLvVT-6Wo=/fit-in/200x150/filters:strip_icc()/pic2728138.jpg;https://cf.geekdo-images.com/d4It-gdWY4GZVYSjbq20gQ__original/img/4d_XZzAStbyODa6p8xhLyOpIMh8=/0x0/pic2728138.jpg
254088;Gravity Superstar;3624;2;6;15;30;https://cf.geekdo-images.com/p5Z3SJlMbuKS6KWVqlkGaw__thumb/img/G2_vRotPiOWAjRDyQX0XJ0mN5Lg=/fit-in/200x150/filters:strip_icc()/pic4185608.jpg;https://cf.geekdo-images.com/p5Z3SJlMbuKS6KWVqlkGaw__original/img/flSCp2BOOoYgGeDKaT1JAfSddfQ=/0x0/pic4185608.jpg
134157;Guilds of London;1465;1;4;45;90;https://cf.geekdo-images.com/T4uNtrQucW_V5SaQW9jA8w__thumb/img/MfCF85O0t4XmvY4nD-sYdu_kzF0=/fit-in/200x150/filters:strip_icc()/pic2958283.png;https://cf.geekdo-images.com/T4uNtrQucW_V5SaQW9jA8w__original/img/oVbI71aheHhS_aJVgomqYiUqNPY=/0x0/pic2958283.png
216578;Half-Pint Heroes;3437;2;7;30;60;https://cf.geekdo-images.com/W2Fs_l4yknRtXqQTc3O0fQ__thumb/img/QQaR7-pTg5Nyh4oq3IAUoWj1yiI=/fit-in/200x150/filters:strip_icc()/pic3465757.jpg;https://cf.geekdo-images.com/W2Fs_l4yknRtXqQTc3O0fQ__original/img/IwF5jzOMvCVUZq3S_6rl-oyqG3E=/0x0/pic3465757.jpg
98778;Hanabi;384;2;5;25;25;https://cf.geekdo-images.com/JDVksMwfcqoem1k_xtZrOA__thumb/img/amCeCcEKhYGbVtDvpvIMnu3qTg0=/fit-in/200x150/filters:strip_icc()/pic2007286.jpg;https://cf.geekdo-images.com/JDVksMwfcqoem1k_xtZrOA__original/img/Wkrf8z3pMlOFKwxafbw9-Ob404s=/0x0/pic2007286.jpg
227789;Heaven & Ale;263;2;4;60;90;https://cf.geekdo-images.com/P0B68R2CLFTuiD8M9lCYPQ__thumb/img/1Omy3H6zspL0HKrUjgdolrGxmwk=/fit-in/200x150/filters:strip_icc()/pic3563904.jpg;https://cf.geekdo-images.com/P0B68R2CLFTuiD8M9lCYPQ__original/img/CgF039HAcnv8hrIJ6y-wEULtKt8=/0x0/pic3563904.jpg
206859;Iberian Rails;4570;2;5;70;90;https://cf.geekdo-images.com/NS0v5lfG4oJX75D0Q588Vw__thumb/img/A7fMCsGtWMdVAg1M7zVVB6Ieew8=/fit-in/200x150/filters:strip_icc()/pic3142350.jpg;https://cf.geekdo-images.com/NS0v5lfG4oJX75D0Q588Vw__original/img/SbUJm06CsaMCofU9vXHZ-Lzw-c0=/0x0/pic3142350.jpg
177524;ICECOOL;854;2;4;30;30;https://cf.geekdo-images.com/jvfSbTGin9ZUioW4Rpi4Pw__thumb/img/b6he0ibAdBGM7T_lj918HG1aSbg=/fit-in/200x150/filters:strip_icc()/pic2937209.png;https://cf.geekdo-images.com/jvfSbTGin9ZUioW4Rpi4Pw__original/img/4XOLW5Vgrr8bJ5J_5IozKzns_xc=/0x0/pic2937209.png
13780;In the Shadow of the Emperor;1170;2;4;90;90;https://cf.geekdo-images.com/TkRov013PZd7vykW4YPIeQ__thumb/img/vvtL0OQbHfYSO3NP6Bxh9HCff0k=/fit-in/200x150/filters:strip_icc()/pic202677.jpg;https://cf.geekdo-images.com/TkRov013PZd7vykW4YPIeQ__original/img/c3INrDEs1xcsRYB8FK4xVaVodVc=/0x0/pic202677.jpg
161882;Irish Gauge;1040;3;5;60;60;https://cf.geekdo-images.com/KyuNY56jg-H1Xu5H8fERLQ__thumb/img/o-TcRMg-gygBfTsQMtamJtcEK14=/fit-in/200x150/filters:strip_icc()/pic4587356.jpg;https://cf.geekdo-images.com/KyuNY56jg-H1Xu5H8fERLQ__original/img/zLG4psLAdWKx5aL2I9un2OT7rrE=/0x0/pic4587356.jpg
148949;Istanbul;117;2;5;40;60;https://cf.geekdo-images.com/PHH9Mreen2sBcxV6ZsE3ew__thumb/img/Vzpg3sdeAbCy0IxSAoh1aH9nvDE=/fit-in/200x150/filters:strip_icc()/pic1885326.jpg;https://cf.geekdo-images.com/PHH9Mreen2sBcxV6ZsE3ew__original/img/mJdCiWN7ePw8Q73GDhXupvKfOnE=/0x0/pic1885326.jpg
285792;Jigūan: The Eastern Mechanist;9781;2;4;45;90;https://cf.geekdo-images.com/ra-YCGj9UwXnDfukaQtztw__thumb/img/NbLQDwBIcbiUwUHeLXONhRA6mEw=/fit-in/200x150/filters:strip_icc()/pic4878136.png;https://cf.geekdo-images.com/ra-YCGj9UwXnDfukaQtztw__original/img/Hz0Ic9jKod1ojTCZMew60mK5gk0=/0x0/pic4878136.png
109276;Kanban: Driver's Edition;175;2;4;90;120;https://cf.geekdo-images.com/rzSmS-GD8_pGl9bWo07FWQ__thumb/img/jo2betPcpo8mVZPIs993TT_nOMo=/fit-in/200x150/filters:strip_icc()/pic5638431.jpg;https://cf.geekdo-images.com/rzSmS-GD8_pGl9bWo07FWQ__original/img/-R59jLLLtpzBBcZWSnl0FpWVjnU=/0x0/pic5638431.jpg
252446;Key Flow;1516;2;6;45;75;https://cf.geekdo-images.com/1o7i-hnpCiWC45QUnSOAgA__thumb/img/SyQQsxeI4PP3qaJk1q-ItgR6e3M=/fit-in/200x150/filters:strip_icc()/pic4264435.jpg;https://cf.geekdo-images.com/1o7i-hnpCiWC45QUnSOAgA__original/img/xD5kBUy7vM4oUk2ibjr27pFnpk8=/0x0/pic4264435.jpg
275067;Key Market (Second Edition);3840;2;4;90;90;https://cf.geekdo-images.com/VhwMnTvSJu5sFZ7UUDEUVQ__thumb/img/S9TndZPGZzrEn-PsGirLwLAfziQ=/fit-in/200x150/filters:strip_icc()/pic4873750.jpg;https://cf.geekdo-images.com/VhwMnTvSJu5sFZ7UUDEUVQ__original/img/va5_t2K_tJlcClBzykqIfiqA2WI=/0x0/pic4873750.jpg
205507;Key to the City: London;1856;2;6;90;120;https://cf.geekdo-images.com/KOx2N4eRuY45SWvzFL8_7g__thumb/img/g3Fu9UEH_S_2Ci7OUQ8cDz2sxP0=/fit-in/200x150/filters:strip_icc()/pic3145313.jpg;https://cf.geekdo-images.com/KOx2N4eRuY45SWvzFL8_7g__original/img/7RGoqHU7-OdEMcBkaeMml3Czm9Y=/0x0/pic3145313.jpg
107529;Kingdom Builder;538;2;4;45;45;https://cf.geekdo-images.com/kJOP_BICVX-88sKqFRh9PQ__thumb/img/KwrWpSRncnCE0cEldldyVQ-0Cdk=/fit-in/200x150/filters:strip_icc()/pic1152359.jpg;https://cf.geekdo-images.com/kJOP_BICVX-88sKqFRh9PQ__original/img/y_ztUjzGGoO4TwnmTFNDLnOxz90=/0x0/pic1152359.jpg
193512;Kingdom Defenders;3017;2;4;60;90;https://cf.geekdo-images.com/uyve-F_qWpc8rZDe-94OPw__thumb/img/huKyWatE-0MA58ZcK1mdwZ4vtuc=/fit-in/200x150/filters:strip_icc()/pic4253044.jpg;https://cf.geekdo-images.com/uyve-F_qWpc8rZDe-94OPw__original/img/bAQT6cf--JMniTAyMTTBc-PUIJ8=/0x0/pic4253044.jpg
135;Kontor;5772;2;4;60;60;https://cf.geekdo-images.com/JyI-t2UXLqHwWZHMAtqNkw__thumb/img/y3pa1wct8SUFrHm2H9rYe2PO7oY=/fit-in/200x150/filters:strip_icc()/pic239457.jpg;https://cf.geekdo-images.com/JyI-t2UXLqHwWZHMAtqNkw__original/img/rmc1JtXJ2a0EITvER3gGF-dZedE=/0x0/pic239457.jpg
117854;Kosmonauts;4175;2;4;60;60;https://cf.geekdo-images.com/lU641U2Y-erTrTqc6fVTTA__thumb/img/jiZqOzk-rRpnsK6xQXcgawvmGWI=/fit-in/200x150/filters:strip_icc()/pic1294074.jpg;https://cf.geekdo-images.com/lU641U2Y-erTrTqc6fVTTA__original/img/Ezio42LwIMReCBKcRIYkgrjxqVg=/0x0/pic1294074.jpg
48;Krieg und Frieden;4990;2;4;90;90;https://cf.geekdo-images.com/I1GQofopNwNm8uVKUx0xcw__thumb/img/8ayBjpZNYbEmbq5n9PTP6vbVyHU=/fit-in/200x150/filters:strip_icc()/pic359365.jpg;https://cf.geekdo-images.com/I1GQofopNwNm8uVKUx0xcw__original/img/AwVw9R5jA_cy_KXLygXRPnDBDXw=/0x0/pic359365.jpg
146886;La Granja;165;1;4;90;120;https://cf.geekdo-images.com/ufUK_7N_13rYhsIurbbtzg__thumb/img/5EIOSTEfRYq1LtHtSnnR9GFJP_M=/fit-in/200x150/filters:strip_icc()/pic2031777.jpg;https://cf.geekdo-images.com/ufUK_7N_13rYhsIurbbtzg__original/img/bYiw2vhO2TVB5Dwq5_KzczLpTaQ=/0x0/pic2031777.jpg
243993;La Stanza;4712;2;4;60;90;https://cf.geekdo-images.com/ybs-pPaD-i2V7O1Zp4gsXQ__thumb/img/x4GStNzBVNWRhCWGokPmi_zrnlw=/fit-in/200x150/filters:strip_icc()/pic4447726.png;https://cf.geekdo-images.com/ybs-pPaD-i2V7O1Zp4gsXQ__original/img/3RQjSg6pK9nEuyQxLCNnYpclz6Y=/0x0/pic4447726.png
1219;Labyrinth;1597;2;4;20;20;https://cf.geekdo-images.com/R1BmYXFbv-7UyNWQEb6PUg__thumb/img/sLhPl5N5Ed0JpeNqdr1q9kK_0Ew=/fit-in/200x150/filters:strip_icc()/pic2773940.jpg;https://cf.geekdo-images.com/R1BmYXFbv-7UyNWQEb6PUg__original/img/tvYqG8QjTgDxap2rtQvVzsv-lis=/0x0/pic2773940.jpg
65333;Das Magische Labyrinth Kartenspiel;14735;2;4;15;15;https://cf.geekdo-images.com/XA5dTBAulNbRQwXw1tHElg__thumb/img/6X_O4APhEos21df4ZBIqx89uYMQ=/fit-in/200x150/filters:strip_icc()/pic649926.jpg;https://cf.geekdo-images.com/XA5dTBAulNbRQwXw1tHElg__original/img/BzRjDEuhwP58h0rOzSmVb95jE-c=/0x0/pic649926.jpg
39927;Last Train to Wensleydale;1880;3;4;120;120;https://cf.geekdo-images.com/JHfw-nac9A0sfkNJGxDOYQ__thumb/img/E2ghzjuIWJKZMg6Y-dXb8lg3eKs=/fit-in/200x150/filters:strip_icc()/pic501286.jpg;https://cf.geekdo-images.com/JHfw-nac9A0sfkNJGxDOYQ__original/img/-sHiYQ0iZjcvosvplVtYob_TKb8=/0x0/pic501286.jpg
35677;Le Havre;46;1;5;30;150;https://cf.geekdo-images.com/mU-YdL_-3Fm4RvNv-y5WJg__thumb/img/mU1YYormB7n6q6y1mUueZp1mSo0=/fit-in/200x150/filters:strip_icc()/pic3330230.jpg;https://cf.geekdo-images.com/mU-YdL_-3Fm4RvNv-y5WJg__original/img/Fs2MqRUBPQzORmEZbiVqSnBvHDg=/0x0/pic3330230.jpg
275467;Letter Jam;899;2;6;45;45;https://cf.geekdo-images.com/kBZGJlIqir1I_EVCr2nDbg__thumb/img/mSl669ndQnGcsmKfe0Yppc1XvbI=/fit-in/200x150/filters:strip_icc()/pic4853794.jpg;https://cf.geekdo-images.com/kBZGJlIqir1I_EVCr2nDbg__original/img/yPVvXME0WrzxLlbZuwlPTK3KnS8=/0x0/pic4853794.jpg
222407;Lignum (Second Edition);1765;2;4;90;120;https://cf.geekdo-images.com/fqhwSa3xJUO7rjcluqQ4JQ__thumb/img/msRnARNt0xCRfWdHctBDp6YyjQo=/fit-in/200x150/filters:strip_icc()/pic3470301.jpg;https://cf.geekdo-images.com/fqhwSa3xJUO7rjcluqQ4JQ__original/img/ueVy2CDzNVCvxwp728TjJMJoPvQ=/0x0/filters:format(jpeg)/pic3470301.jpg
161533;Lisboa;67;1;4;60;120;https://cf.geekdo-images.com/OrHS8_a1CqSGiXeTfCk0Wg__thumb/img/ZBTT0qZcD5HMFlhFN7PLMe6zXvg=/fit-in/200x150/filters:strip_icc()/pic3209553.jpg;https://cf.geekdo-images.com/OrHS8_a1CqSGiXeTfCk0Wg__original/img/k4JCDnjnu5YRn5QA8njFeRMbulk=/0x0/pic3209553.jpg
103328;LIXO?;11886;2;6;20;20;https://cf.geekdo-images.com/WaYgDcMoCtrzxnS50UknPQ__thumb/img/rqK8fi95r8Ng3QhMo4R9QCF0w3A=/fit-in/200x150/filters:strip_icc()/pic1061349.jpg;https://cf.geekdo-images.com/WaYgDcMoCtrzxnS50UknPQ__original/img/NTiMEXN7tgN-EhOwiRGU0o2LE3g=/0x0/pic1061349.jpg
235512;Loot Island;3694;2;5;30;60;https://cf.geekdo-images.com/225EHE7I2UdVOL_EAC0NOA__thumb/img/7R-HHsCpxHwv9QVktdmy7P1zuws=/fit-in/200x150/filters:strip_icc()/pic3741864.jpg;https://cf.geekdo-images.com/225EHE7I2UdVOL_EAC0NOA__original/img/06LF6RP8xrYllKaFIJOnerloQTc=/0x0/pic3741864.jpg
228409;Lusitania;7895;2;4;10;20;https://cf.geekdo-images.com/j4galwGRM-rfNr40k2Cphg__thumb/img/HhIBLmo0NrtOOfx2WZqWPPvrUqU=/fit-in/200x150/filters:strip_icc()/pic3587882.jpg;https://cf.geekdo-images.com/j4galwGRM-rfNr40k2Cphg__original/img/lJgDDv2pcrQgQ1aC-50P3eGxUv8=/0x0/pic3587882.jpg
245643;Luxor;880;2;4;45;45;https://cf.geekdo-images.com/C9nhhIS2zRuneMt0FBK1zg__thumb/img/Ugc6cGHhvETu-EUYAKy03sXJmJM=/fit-in/200x150/filters:strip_icc()/pic3955965.jpg;https://cf.geekdo-images.com/C9nhhIS2zRuneMt0FBK1zg__original/img/ai4DxudWoTQndJaol97gVWuGjW0=/0x0/pic3955965.jpg
95527;Madeira;371;2;4;60;150;https://cf.geekdo-images.com/wY6k5MmdPH3NVXsJ-SgtMw__thumb/img/Su3JBW4OIe8Qt6nXEyUcMOJtqsM=/fit-in/200x150/filters:strip_icc()/pic1762708.jpg;https://cf.geekdo-images.com/wY6k5MmdPH3NVXsJ-SgtMw__original/img/AiDM7gE739RpbJrelj4_fKDkTjg=/0x0/pic1762708.jpg
209778;Magic Maze;486;1;8;15;15;https://cf.geekdo-images.com/wJfDIveg2zpTGn8E1WzEpA__thumb/img/Un57jB38oeBZ0WFdd7rXSOEP-1k=/fit-in/200x150/filters:strip_icc()/pic3268473.jpg;https://cf.geekdo-images.com/wJfDIveg2zpTGn8E1WzEpA__original/img/wX-3MGic-uzIqnNeEZcZlWPKwrA=/0x0/pic3268473.jpg
9440;Maharaja: The Game of Palace Building in India;684;2;5;90;90;https://cf.geekdo-images.com/BPJDeSSatiiw1eTAnxx5-g__thumb/img/Lslbt68cs39OKA2XO0idRyjEG1Q=/fit-in/200x150/filters:strip_icc()/pic44952.jpg;https://cf.geekdo-images.com/BPJDeSSatiiw1eTAnxx5-g__original/img/FLEr6FgxAOjH6ZX2z2_ED7SYHQo=/0x0/pic44952.jpg
276025;Maracaibo;41;1;4;30;120;https://cf.geekdo-images.com/rMNa0k05zMdKgSEp26Q3Tw__thumb/img/lVlnhYyxlZb3WuKZJHLoJcFHEjs=/fit-in/200x150/filters:strip_icc()/pic4917407.jpg;https://cf.geekdo-images.com/rMNa0k05zMdKgSEp26Q3Tw__original/img/qP99uYh6kOi_erZTgkYDe_AVSsw=/0x0/pic4917407.jpg
40354;Maria;325;2;3;210;210;https://cf.geekdo-images.com/RKnoGhSQwVQo0Z_pXTE19g__thumb/img/n-5E6_QWWDbxynAo4gqUvgMk2RE=/fit-in/200x150/filters:strip_icc()/pic524669.jpg;https://cf.geekdo-images.com/RKnoGhSQwVQo0Z_pXTE19g__original/img/soIvjpEE-OTHe3OuFL7LEjxgLH4=/0x0/pic524669.jpg
119881;Medioevo Universale;4489;3;6;120;300;https://cf.geekdo-images.com/dBhy88PRSCwlmnApHF_hpw__thumb/img/ne_bku7Cvc9THBeGdMeeKGoSjUs=/fit-in/200x150/filters:strip_icc()/pic4300065.jpg;https://cf.geekdo-images.com/dBhy88PRSCwlmnApHF_hpw__original/img/IigIX2au3HYU6Ca0nTs7WJQiA0g=/0x0/pic4300065.jpg
184424;Mega Civilization;1036;5;18;360;720;https://cf.geekdo-images.com/LrFsr0gl2IlgAoxBnsgQ7w__thumb/img/lo5l_X5fBBkG7eJ7g-eM6I_qsg0=/fit-in/200x150/filters:strip_icc()/pic3193295.jpg;https://cf.geekdo-images.com/LrFsr0gl2IlgAoxBnsgQ7w__original/img/jPH_TOLz_4WZM32WqCpfVH5u2SA=/0x0/filters:format(jpeg)/pic3193295.jpg
531;Merchants of Amsterdam;2015;3;5;60;60;https://cf.geekdo-images.com/6-Gt5b4KHTfdVWqPhQCeaw__thumb/img/2c3QxjsDbVlgOsaES-K2gu2ftPU=/fit-in/200x150/filters:strip_icc()/pic153968.jpg;https://cf.geekdo-images.com/6-Gt5b4KHTfdVWqPhQCeaw__original/img/gvzsH512KhthcfxFbifaEDJRNag=/0x0/pic153968.jpg
24669;Sparito!;;2;4;30;30;https://cf.geekdo-images.com/KobEfQuq4xin9VwMPnmaow__thumb/img/xojZBrt6orvnBK5iwzhE6CCegnQ=/fit-in/200x150/filters:strip_icc()/pic152319.jpg;https://cf.geekdo-images.com/KobEfQuq4xin9VwMPnmaow__original/img/Umg42Krwx98TKfRWzXhkvbd6P-4=/0x0/pic152319.jpg
203042;Microworld;6167;2;2;15;20;https://cf.geekdo-images.com/IYQRaVofOxpnw_aiY5r6fA__thumb/img/fyWWVwV4jrmS5xE1OQ3AawJxb8Q=/fit-in/200x150/filters:strip_icc()/pic3198626.jpg;https://cf.geekdo-images.com/IYQRaVofOxpnw_aiY5r6fA__original/img/xV7gFYO8Nw6384MtbNSwHmWgyeQ=/0x0/pic3198626.jpg
105187;MIL (1049);3514;2;5;60;120;https://cf.geekdo-images.com/0UW3tNg48BUpC7VpBqeJjQ__thumb/img/tBx7aAYoYLOmNgUln_V5TxHB3g8=/fit-in/200x150/filters:strip_icc()/pic1103828.jpg;https://cf.geekdo-images.com/0UW3tNg48BUpC7VpBqeJjQ__original/img/OY5FOYMpJ_OktDUtG6j8ygJOpCE=/0x0/pic1103828.jpg
192203;Millions: The Last Soldier;11293;2;5;15;25;https://cf.geekdo-images.com/JqiXq6eS5KxWOj5bMB0zEQ__thumb/img/ot-Cr-3TNc-jDbtv427PEju5W0w=/fit-in/200x150/filters:strip_icc()/pic2871037.png;https://cf.geekdo-images.com/JqiXq6eS5KxWOj5bMB0zEQ__original/img/x2BAZfTStRIwIk53-UIIhHfs6Y8=/0x0/pic2871037.png
222951;Mini WWII;6655;2;4;60;120;https://cf.geekdo-images.com/sdfZ1iRqMG7Jol7gkLeoRw__thumb/img/clAfab-e22KyAeUVVemremvhE9k=/fit-in/200x150/filters:strip_icc()/pic4291832.jpg;https://cf.geekdo-images.com/sdfZ1iRqMG7Jol7gkLeoRw__original/img/-4G9jnLj7u9_rQtUUL0K6gYBbNg=/0x0/pic4291832.jpg
118;Modern Art;221;3;5;45;45;https://cf.geekdo-images.com/wLto-xaabHwKQe_Bc4iD1Q__thumb/img/AUqMholGVlwXLjMcxwiziE_7Ffw=/fit-in/200x150/filters:strip_icc()/pic3458036.png;https://cf.geekdo-images.com/wLto-xaabHwKQe_Bc4iD1Q__original/img/V6gWtm8yHD-7A5F3mQshxGW1zuc=/0x0/pic3458036.png
233955;Montana;2069;2;4;45;45;https://cf.geekdo-images.com/m6DfJ9oG_ybEIpUl775i1A__thumb/img/bNUl4T8JfVs7_XdFN3qaXJBZDOo=/fit-in/200x150/filters:strip_icc()/pic3714270.jpg;https://cf.geekdo-images.com/m6DfJ9oG_ybEIpUl775i1A__original/img/rlKuMPsjOsG35JN7XEA6cuZvVhk=/0x0/pic3714270.jpg
35435;Nefertiti;1355;3;4;45;45;https://cf.geekdo-images.com/r4uZ2K_y6rNQtYmAIOkK_w__thumb/img/WP9k5YX-ocmbdBwpChu9MJMmd0c=/fit-in/200x150/filters:strip_icc()/pic1182301.jpg;https://cf.geekdo-images.com/r4uZ2K_y6rNQtYmAIOkK_w__original/img/2SZIozONu9LpJMKTPHHatxcWqA4=/0x0/pic1182301.jpg
280812;Nētā-Tanka;5785;1;4;90;90;https://cf.geekdo-images.com/tn6fDBqzemCvnOR2tDxclA__thumb/img/Lr1yoWKK-MBAYOfxP3VmC3vOLoI=/fit-in/200x150/filters:strip_icc()/pic4905557.jpg;https://cf.geekdo-images.com/tn6fDBqzemCvnOR2tDxclA__original/img/4rjeJCSoAzaSIN0ahl-qILKxBIQ=/0x0/pic4905557.jpg
244711;Newton;350;1;4;90;90;https://cf.geekdo-images.com/ZyCjYnNS6VFF1X7e6IFA1A__thumb/img/GW009LiSNJwiMx7Thb8TT9nSfDk=/fit-in/200x150/filters:strip_icc()/pic4058665.jpg;https://cf.geekdo-images.com/ZyCjYnNS6VFF1X7e6IFA1A__original/img/hYhscKRvn441Tebbv4OK6_aBtTs=/0x0/pic4058665.jpg
207351;Nimbee;11948;2;4;20;40;https://cf.geekdo-images.com/bfDVG6HC2VO0jPlm8-2oFw__thumb/img/ME8p97X-V6bC2H5mCCCNLMUlhmg=/fit-in/200x150/filters:strip_icc()/pic3155734.jpg;https://cf.geekdo-images.com/bfDVG6HC2VO0jPlm8-2oFw__original/img/th3a0mk7rC54wS5Z_6zaoN-f7MA=/0x0/pic3155734.jpg
154809;Nippon;309;2;4;60;120;https://cf.geekdo-images.com/DVJamHS1e24-scuM8aRH8g__thumb/img/GfDVi8Cdml30yla1ui0y3exXG7g=/fit-in/200x150/filters:strip_icc()/pic2683981.jpg;https://cf.geekdo-images.com/DVJamHS1e24-scuM8aRH8g__original/img/SZFgBrff-aSpci1q4PsLat9Z4sI=/0x0/filters:format(jpeg)/pic2683981.jpg
206931;Encore!;1016;1;6;20;20;https://cf.geekdo-images.com/3SDN2RboQKFA8Cwle7XaMA__thumb/img/XD7UyXcodX7Syxe33OEaVsevA2A=/fit-in/200x150/filters:strip_icc()/pic4731898.jpg;https://cf.geekdo-images.com/3SDN2RboQKFA8Cwle7XaMA__original/img/5bZ8_EGeajhUlvMI7Ou6oPcLLjk=/0x0/filters:format(jpeg)/pic4731898.jpg
233676;Noria;2325;2;4;70;120;https://cf.geekdo-images.com/A1H2QX5meUBthiEpX-gq8w__thumb/img/q4W2Kl7sBDxq8E4_GwVqLWertl0=/fit-in/200x150/filters:strip_icc()/pic5355459.jpg;https://cf.geekdo-images.com/A1H2QX5meUBthiEpX-gq8w__original/img/dvedrpIxF-258KFJlN_JJ0YBGHw=/0x0/filters:format(jpeg)/pic5355459.jpg
191438;North American Railways;3903;3;5;45;90;https://cf.geekdo-images.com/EhFHGbpihB7KBNEuDe0bJw__thumb/img/EydatDnC9as4K-Oiel7ujVS8oSk=/fit-in/200x150/filters:strip_icc()/pic3847804.png;https://cf.geekdo-images.com/EhFHGbpihB7KBNEuDe0bJw__original/img/KrVXX4Bs4uOZkMbbAc6bMSu1aqg=/0x0/filters:format(png)/pic3847804.png
25554;Notre Dame;285;2;5;45;75;https://cf.geekdo-images.com/d1g8Yh14XHf63H3VOC93AA__thumb/img/DwCJeQSpNHs_cX8FfWwNlKqDRSQ=/fit-in/200x150/filters:strip_icc()/pic199316.jpg;https://cf.geekdo-images.com/d1g8Yh14XHf63H3VOC93AA__original/img/au2Y5st7foP0ohkFEbFqAOPR7Nc=/0x0/filters:format(jpeg)/pic199316.jpg
286791;Numberplace City;;2;4;30;60;https://cf.geekdo-images.com/gghpwwJNZK8YD85K7ktEaw__thumb/img/VIPNM0M-05cvqJO0j3ZF2e1pQnU=/fit-in/200x150/filters:strip_icc()/pic4899973.jpg;https://cf.geekdo-images.com/gghpwwJNZK8YD85K7ktEaw__original/img/MVvz5qR65SKWK-bpqfv9BhLBQlU=/0x0/filters:format(jpeg)/pic4899973.jpg
234277;Nusfjord;379;1;5;20;100;https://cf.geekdo-images.com/nKYqNPEE94Zk_q5Vtk527w__thumb/img/b380XF_C0n--whN9elUn8jI__Yg=/fit-in/200x150/filters:strip_icc()/pic3729070.jpg;https://cf.geekdo-images.com/nKYqNPEE94Zk_q5Vtk527w__original/img/Bf35-bzWhSF8jMq8pfzubBxuNlU=/0x0/filters:format(jpeg)/pic3729070.jpg
172938;O Castelo de S. Jorge;;2;6;45;45;https://cf.geekdo-images.com/AA0GP50hBaayeacsg8R47A__thumb/img/SFQJLhcIGVdlYN6HjWf_yKoFevU=/fit-in/200x150/filters:strip_icc()/pic2410060.png;https://cf.geekdo-images.com/AA0GP50hBaayeacsg8R47A__original/img/9b4-bUl_FnFYJBMOnkit_Y90Hx8=/0x0/filters:format(png)/pic2410060.png
62518;O mistério do Marquês de Pombal;;2;8;60;60;https://cf.geekdo-images.com/ZwswqZZiCRZjB5AA2SXYew__thumb/img/83Pqo3-8Yl8yzreF8i9b8VDxuvk=/fit-in/200x150/filters:strip_icc()/pic611631.jpg;https://cf.geekdo-images.com/ZwswqZZiCRZjB5AA2SXYew__original/img/BChHMQnvmMhncEV8Ag2EMqktAR4=/0x0/filters:format(jpeg)/pic611631.jpg
242630;O Palácio do Marquês;11086;2;4;45;60;https://cf.geekdo-images.com/p2NvV3UZP6ESgaQKheMLeg__thumb/img/AMEIaANkFehpqn7Mm0Nmqen-0lg=/fit-in/200x150/filters:strip_icc()/pic3942032.jpg;https://cf.geekdo-images.com/p2NvV3UZP6ESgaQKheMLeg__original/img/InoP_F8mGBvFjrzG_ady2gqpPh8=/0x0/filters:format(jpeg)/pic3942032.jpg
70323;King of Tokyo;311;2;6;30;30;https://cf.geekdo-images.com/m_RzXpHURC0_xLkvRSR_sw__thumb/img/OfgWmkGJj5BgOO0zFHEtP5CHfbU=/fit-in/200x150/filters:strip_icc()/pic3043734.jpg;https://cf.geekdo-images.com/m_RzXpHURC0_xLkvRSR_sw__original/img/hSvWgiRYJCTTuoLOWTW3c8sYtl8=/0x0/filters:format(jpeg)/pic3043734.jpg
74553;S. Jorge Trophy;;2;6;90;90;https://cf.geekdo-images.com/lrEBNRVhRDn83719PIt44g__thumb/img/Yn3XtLWQHb_CFvx72b-y51n4L4I=/fit-in/200x150/filters:strip_icc()/pic757486.jpg;https://cf.geekdo-images.com/lrEBNRVhRDn83719PIt44g__original/img/ZmWzRsKtILPHy_xFumWbH8lJHUc=/0x0/filters:format(jpeg)/pic757486.jpg
231733;Obsession;568;1;4;30;90;https://cf.geekdo-images.com/-yrllMAWibLL1HQ0f_886A__thumb/img/EYcuHw1Q04vETXca2xXad7QusN8=/fit-in/200x150/filters:strip_icc()/pic5609594.jpg;https://cf.geekdo-images.com/-yrllMAWibLL1HQ0f_886A__original/img/Kp5ROzDzn6iIkUVV9gi4ECStwck=/0x0/filters:format(jpeg)/pic5609594.jpg
123219;OddVille;1721;2;4;30;60;https://cf.geekdo-images.com/VSpLBWdBYFifcmUak91yGA__thumb/img/fes6IW2ublVBYe18uJrT_D4sMTE=/fit-in/200x150/filters:strip_icc()/pic1358373.jpg;https://cf.geekdo-images.com/VSpLBWdBYFifcmUak91yGA__original/img/WXYdqfLCLw-RzMBBkaGnLB-JU2U=/0x0/filters:format(jpeg)/pic1358373.jpg
269160;Colors of Paris;2591;2;4;40;60;https://cf.geekdo-images.com/j16Xrf08-toGYZ04HqLoNw__thumb/img/xaIYrg5FuSjX6VRLLd3yL2fcyz4=/fit-in/200x150/filters:strip_icc()/pic4804321.jpg;https://cf.geekdo-images.com/j16Xrf08-toGYZ04HqLoNw__original/img/TA3aM9Uxs2uiSiwjyvJiEk_7UWc=/0x0/filters:format(jpeg)/pic4804321.jpg
53621;Oitavos;;2;6;60;90;https://cf.geekdo-images.com/8vb_cG8p71o6mWEIKBbRmw__thumb/img/OacT2YY1mE6HEyMmEkk2jPMnl3w=/fit-in/200x150/filters:strip_icc()/pic535826.jpg;https://cf.geekdo-images.com/8vb_cG8p71o6mWEIKBbRmw__original/img/uGFFuTkXc7-wPbb8bbzQqxwV184=/0x0/filters:format(jpeg)/pic535826.jpg
276004;On the Origin of Species;3277;2;4;45;80;https://cf.geekdo-images.com/qFZ0KtwllLi5yTi05ppkcA__thumb/img/4vRpAgr1FLJtMYokDGFOTDFCGvY=/fit-in/200x150/filters:strip_icc()/pic5497749.jpg;https://cf.geekdo-images.com/qFZ0KtwllLi5yTi05ppkcA__original/img/DokpsAEK5nt4J4FvMzF5nBupy04=/0x0/filters:format(jpeg)/pic5497749.jpg
255507;Orbis;1916;2;4;45;45;https://cf.geekdo-images.com/qGGMdUTeeZw5-1nTPuC4PA__thumb/img/-O1frZfWDGMzSESB5CuO2YuYhaU=/fit-in/200x150/filters:strip_icc()/pic4185945.jpg;https://cf.geekdo-images.com/qGGMdUTeeZw5-1nTPuC4PA__original/img/UI2lOn9T9X9NtqPgROJWCWSL7To=/0x0/filters:format(jpeg)/pic4185945.jpg
284949;Orchard Ocean;9631;3;4;60;90;https://cf.geekdo-images.com/Zd87IQmtO4OV4UPFIqUd2w__thumb/img/-fRkdeZkFqgLrijFuFU9rYyOBW0=/fit-in/200x150/filters:strip_icc()/pic4873414.jpg;https://cf.geekdo-images.com/Zd87IQmtO4OV4UPFIqUd2w__original/img/XAShsCKOts264jiZPq40AaZy8YI=/0x0/filters:format(jpeg)/pic4873414.jpg
287275;Orléans Stories;6286;2;4;60;180;https://cf.geekdo-images.com/t_pmmQxuZwVDQ4gHNqUvSA__thumb/img/A_cKJfTWuXt2dUu6aEuGUBiwV04=/fit-in/200x150/filters:strip_icc()/pic4911042.jpg;https://cf.geekdo-images.com/t_pmmQxuZwVDQ4gHNqUvSA__original/img/pQ40JY4HZ5p9ZeTAO7jComfghFQ=/0x0/filters:format(jpeg)/pic4911042.jpg
129050;P.I.;1907;2;5;45;60;https://cf.geekdo-images.com/n_jjFJfl5HFmxVKrKeZHcA__thumb/img/ubgup24pAztcK3Yf2iR_UR0AL74=/fit-in/200x150/filters:strip_icc()/pic1388461.jpg;https://cf.geekdo-images.com/n_jjFJfl5HFmxVKrKeZHcA__original/img/9x6sjNCit6bxKKM9ZVGeJwNKJF0=/0x0/filters:format(jpeg)/pic1388461.jpg
248167;Pandoria;3622;2;4;90;120;https://cf.geekdo-images.com/6AZ-2TlVB6AMsLJJ4Q2gEQ__thumb/img/DWQg87vfKPqYtAJnW1wBPkJKuJk=/fit-in/200x150/filters:strip_icc()/pic4280270.jpg;https://cf.geekdo-images.com/6AZ-2TlVB6AMsLJJ4Q2gEQ__original/img/W2hOMxDLArvLBuJofwIgsFtuNZA=/0x0/filters:format(jpeg)/pic4280270.jpg
255034;Papua;5384;2;4;75;75;https://cf.geekdo-images.com/fHlxsqclqSlr9erDfrDGxg__thumb/img/hOjPM5MX1nW4_7QSojRBM50pz8c=/fit-in/200x150/filters:strip_icc()/pic4232877.jpg;https://cf.geekdo-images.com/fHlxsqclqSlr9erDfrDGxg__original/img/4KuFa4V21bj81kdbyScCyUJ3eVg=/0x0/filters:format(jpeg)/pic4232877.jpg
5825;Paris Paris;3725;2;4;45;45;https://cf.geekdo-images.com/aMKC0dAlEsguZL-PWIzceA__thumb/img/NME_98Q10J4q6cj49TQMelEixdQ=/fit-in/200x150/filters:strip_icc()/pic72168.jpg;https://cf.geekdo-images.com/aMKC0dAlEsguZL-PWIzceA__original/img/etLvhEgOH5SHEK5Dh7L1ZCzQ9vg=/0x0/filters:format(jpeg)/pic72168.jpg
46213;Telestrations;252;4;8;30;30;https://cf.geekdo-images.com/oc3u6OQpJkf9TvDw4iI9xA__thumb/img/Otc-6MFf-HC9ep-82ub2B2rID78=/fit-in/200x150/filters:strip_icc()/pic4991936.jpg;https://cf.geekdo-images.com/oc3u6OQpJkf9TvDw4iI9xA__original/img/Hh2zbSnLEARMlNg0OzImf2-5FIw=/0x0/filters:format(jpeg)/pic4991936.jpg
163412;Patchwork;86;2;2;15;30;https://cf.geekdo-images.com/wLW7pFn0--20lEizEz5p3A__thumb/img/P49TUiytgjmRAtKsfO7Y3yU_xic=/fit-in/200x150/filters:strip_icc()/pic2270442.jpg;https://cf.geekdo-images.com/wLW7pFn0--20lEizEz5p3A__original/img/B1j7R-slq8wxgC71Sg1F7S1s7Kg=/0x0/filters:format(jpeg)/pic2270442.jpg
220778;Sticky Chameleons;5195;2;5;20;20;https://cf.geekdo-images.com/IVlPc1rUS6moDJVwTJn6oQ__thumb/img/bvLlsOTNWZBH3DVy58dDTw8-Kj0=/fit-in/200x150/filters:strip_icc()/pic3613442.jpg;https://cf.geekdo-images.com/IVlPc1rUS6moDJVwTJn6oQ__original/img/tMXTLJ5brd5AnfEDf_GeG81tISI=/0x0/filters:format(jpeg)/pic3613442.jpg
284108;Pictures;2356;3;5;20;30;https://cf.geekdo-images.com/pR7dcr6bs5TIOHOhKIoe_A__thumb/img/YYa8rvA3RgJS6aT-HT2NRegGmuA=/fit-in/200x150/filters:strip_icc()/pic4946885.jpg;https://cf.geekdo-images.com/pR7dcr6bs5TIOHOhKIoe_A__original/img/YGaDDOA-Jtr9eS60TNUx51J36Ds=/0x0/filters:format(jpeg)/pic4946885.jpg
256730;Pipeline;439;2;4;60;120;https://cf.geekdo-images.com/x39hXnP-GkLN1CDEq932oA__thumb/img/xxiGCk0hEUpP3hOtItpKI3sKZfo=/fit-in/200x150/filters:strip_icc()/pic4227162.jpg;https://cf.geekdo-images.com/x39hXnP-GkLN1CDEq932oA__original/img/dns582_OrWD9ZbABtUmXcQOxguQ=/0x0/filters:format(jpeg)/pic4227162.jpg
3076;Puerto Rico;27;3;5;90;150;https://cf.geekdo-images.com/QFiIRd2kimaMqTyWsX0aUg__thumb/img/5fLo89ChZH6Wzukk36bhZ-EpBS0=/fit-in/200x150/filters:strip_icc()/pic158548.jpg;https://cf.geekdo-images.com/QFiIRd2kimaMqTyWsX0aUg__original/img/DOgIp57F7tKZvxeITGAd3e_Q9as=/0x0/filters:format(jpeg)/pic158548.jpg
127997;Qin;1581;2;4;30;30;https://cf.geekdo-images.com/_HF37JoDdYrBDmXve6cZJA__thumb/img/WcS9XDDBzmyiRrcrQsbRUBX1hTU=/fit-in/200x150/filters:strip_icc()/pic1405247.jpg;https://cf.geekdo-images.com/_HF37JoDdYrBDmXve6cZJA__original/img/6TXhzW2td9wmARNHRORm0t7tEhc=/0x0/filters:format(jpeg)/pic1405247.jpg
139842;Quinto Império;14372;2;4;40;90;https://cf.geekdo-images.com/esKm1azgcjX1mFF6xdXwxw__thumb/img/pLd8qenWp4gHroYtDXat-AdLenI=/fit-in/200x150/filters:strip_icc()/pic1600048.jpg;https://cf.geekdo-images.com/esKm1azgcjX1mFF6xdXwxw__original/img/BnDjgVUzCnIVRjgfRmtVovj-Rvo=/0x0/filters:format(jpeg)/pic1600048.jpg
114863;Ragami;12654;2;4;90;90;https://cf.geekdo-images.com/N-zNV5M01_xVcLBE06RjEg__thumb/img/MkP5n-1LMo8qr_x5ktm0ykmqizw=/fit-in/200x150/filters:strip_icc()/pic1208177.jpg;https://cf.geekdo-images.com/N-zNV5M01_xVcLBE06RjEg__original/img/kC9OJOCg3qvtyX52IhmMiLJepZA=/0x0/filters:format(jpeg)/pic1208177.jpg
207691;Railroad Revolution;797;2;4;45;90;https://cf.geekdo-images.com/0A9aGzLzmBxN_M6rgpb6Dg__thumb/img/pupJXts3kO3x05Ki-lhREAPWrhw=/fit-in/200x150/filters:strip_icc()/pic3200781.jpg;https://cf.geekdo-images.com/0A9aGzLzmBxN_M6rgpb6Dg__original/img/HEY1bQT6vQvTpcfVieS0P7wSRJU=/0x0/filters:format(jpeg)/pic3200781.jpg
220877;Rajas of the Ganges;161;2;4;45;75;https://cf.geekdo-images.com/hR5sxxqNY3gjvLwifaqRww__thumb/img/dPZ7zqlIVCt4xiWfISkpujiwKwk=/fit-in/200x150/filters:strip_icc()/pic3646165.jpg;https://cf.geekdo-images.com/hR5sxxqNY3gjvLwifaqRww__original/img/kaXHOjBJX-URkjTjhQUhFl7E8Ng=/0x0/filters:format(jpeg)/pic3646165.jpg
257834;Ramen;8392;2;5;15;30;https://cf.geekdo-images.com/qhEPncqxmkQQWP3jHdLBmg__thumb/img/-2X0wtzsMnI7PhRSzQWlCBO-P7Q=/fit-in/200x150/filters:strip_icc()/pic4253759.jpg;https://cf.geekdo-images.com/qhEPncqxmkQQWP3jHdLBmg__original/img/QQpvApDXl5B3kJSK2hjyyZ0P6rk=/0x0/filters:format(jpeg)/pic4253759.jpg
242684;Reavers of Midgard;1009;2;4;60;120;https://cf.geekdo-images.com/RCV5d4ZMgzm20MosK3zADQ__thumb/img/MYsrcgv_ztbdhHkSboUN4jfOJjo=/fit-in/200x150/filters:strip_icc()/pic3916976.png;https://cf.geekdo-images.com/RCV5d4ZMgzm20MosK3zADQ__original/img/TQBvSyATFkPKRmILIC14phaxpfQ=/0x0/filters:format(png)/pic3916976.png
244228;Reef;604;2;4;30;45;https://cf.geekdo-images.com/I3BgmkjP3g6cRQ4cejoHrg__thumb/img/JDWcuLadW0pHSAh7fybzRRXNZZ8=/fit-in/200x150/filters:strip_icc()/pic5376430.png;https://cf.geekdo-images.com/I3BgmkjP3g6cRQ4cejoHrg__original/img/m0FXYQ2cNByp2YXLSK632rcH1_Q=/0x0/filters:format(png)/pic5376430.png
164091;Reis de Portugal;12733;2;4;30;30;https://cf.geekdo-images.com/VTObPLrc3H9w4QzIN5h-nA__thumb/img/dLCaAElRdhPOsePKDb74Jff3VEY=/fit-in/200x150/filters:strip_icc()/pic2207429.png;https://cf.geekdo-images.com/VTObPLrc3H9w4QzIN5h-nA__original/img/Url0MGyhO8IP2mhqsGuFTL7VZo4=/0x0/filters:format(png)/pic2207429.png
241831;Reykholt;1515;1;4;30;60;https://cf.geekdo-images.com/wU53jsng9uxfxuAoIeTjDA__thumb/img/ShUtMDXzeruNkjbG9mgavx7Z2yw=/fit-in/200x150/filters:strip_icc()/pic3877054.jpg;https://cf.geekdo-images.com/wU53jsng9uxfxuAoIeTjDA__original/img/FXWnJoKS3LFiOfvAhAxovXE_9Xg=/0x0/filters:format(jpeg)/pic3877054.jpg
191986;Rhodes;4766;2;5;60;90;https://cf.geekdo-images.com/VgO8U-aD4HF7Mch9iN9I2Q__thumb/img/7TpW9H1O_UUh0i6xlj2sPOWzkEE=/fit-in/200x150/filters:strip_icc()/pic2923331.jpg;https://cf.geekdo-images.com/VgO8U-aD4HF7Mch9iN9I2Q__original/img/bWruUhcoK-TK5TgkIcZT3JawV40=/0x0/filters:format(jpeg)/pic2923331.jpg
218293;Rise to Nobility;1505;1;6;25;150;https://cf.geekdo-images.com/BuBDgepjeEixyYcD4wmfbw__thumb/img/mI8DZ7DyGYzKB9J8qzicH9-K9XE=/fit-in/200x150/filters:strip_icc()/pic4123139.jpg;https://cf.geekdo-images.com/BuBDgepjeEixyYcD4wmfbw__original/img/O7hfUlla5Ysxeh5D1yRD6eCI8eU=/0x0/filters:format(jpeg)/pic4123139.jpg
234093;Rob 'n Run;6883;2;5;45;60;https://cf.geekdo-images.com/S7AKOtv4QD3k9z8g0ftQXA__thumb/img/eFPMbiYoUdCabfH3h5PPLKPeRtM=/fit-in/200x150/filters:strip_icc()/pic3736441.jpg;https://cf.geekdo-images.com/S7AKOtv4QD3k9z8g0ftQXA__original/img/mdh-2bL2KsKEdkQ_hq8WX1PWrkw=/0x0/filters:format(jpeg)/pic3736441.jpg
74390;Rolling Freight;2795;2;5;120;180;https://cf.geekdo-images.com/4PpJtnuz686Vf6SmWqPwdg__thumb/img/NkGGmLorKgiBkYvnaxdJNF7Y80w=/fit-in/200x150/filters:strip_icc()/pic1289852.jpg;https://cf.geekdo-images.com/4PpJtnuz686Vf6SmWqPwdg__original/img/oXKcYxOJGH3SAc4u8-fCPiRs9ss=/0x0/filters:format(jpeg)/pic1289852.jpg
205498;Round House;2286;2;5;60;90;https://cf.geekdo-images.com/NW5QvdcOPHn-pE1Qu_yF7A__thumb/img/CafSi5yJzB8q73QLgVf7SNXqeNE=/fit-in/200x150/filters:strip_icc()/pic4120046.png;https://cf.geekdo-images.com/NW5QvdcOPHn-pE1Qu_yF7A__original/img/TVdRc-VOXlE7bpmTXtaz2X3hhoE=/0x0/filters:format(png)/pic4120046.png
9220;Saboteur;1069;3;10;30;30;https://cf.geekdo-images.com/0vJwP6NGa7GHPZKC3gplUw__thumb/img/B3j-is62fP09eHP34uFG_gsxNQs=/fit-in/200x150/filters:strip_icc()/pic3989824.jpg;https://cf.geekdo-images.com/0vJwP6NGa7GHPZKC3gplUw__original/img/TJDCd-PYySXmhQn-LC-y88JPA7U=/0x0/filters:format(jpeg)/pic3989824.jpg
199561;Sagrada;145;1;4;30;45;https://cf.geekdo-images.com/PZt3EAAGV3dFIVuwMR0AEw__thumb/img/1m4aryOW1MOpq-8jGkF6gDTJmCY=/fit-in/200x150/filters:strip_icc()/pic3525224.jpg;https://cf.geekdo-images.com/PZt3EAAGV3dFIVuwMR0AEw__original/img/5ug9EeKlH_ucJEUXaFpTZbBJ1GY=/0x0/filters:format(jpeg)/pic3525224.jpg
3;Samurai;208;2;4;30;60;https://cf.geekdo-images.com/o9-sNXmFS_TLAb7ZlZ4dRA__thumb/img/22MSUC0-ZWgwzhi_VKIbENJik1w=/fit-in/200x150/filters:strip_icc()/pic3211873.jpg;https://cf.geekdo-images.com/o9-sNXmFS_TLAb7ZlZ4dRA__original/img/TPKZgpNxB_C73RNbhKyP6UR76X0=/0x0/filters:format(jpeg)/pic3211873.jpg
276830;Sanctum;1796;2;4;90;90;https://cf.geekdo-images.com/dRudo6DXsbwaUVvT6SBtLQ__thumb/img/Kk95zESrJLavZtvqZSWAJlN0214=/fit-in/200x150/filters:strip_icc()/pic4993715.jpg;https://cf.geekdo-images.com/dRudo6DXsbwaUVvT6SBtLQ__original/img/dkj2b8hPZ7aZhi7FiY5PvrS2fDE=/0x0/filters:format(jpeg)/pic4993715.jpg
8125;Santiago;686;3;5;75;75;https://cf.geekdo-images.com/m9oXNgELQIwMJU-C1aShow__thumb/img/LMn7kYMl0oHpGJwOOi9L9up9ekY=/fit-in/200x150/filters:strip_icc()/pic180497.jpg;https://cf.geekdo-images.com/m9oXNgELQIwMJU-C1aShow__original/img/1gzRHVNUH89MhbaYHBrwBNooqns=/0x0/filters:format(jpeg)/pic180497.jpg
104347;Santiago de Cuba;977;2;4;40;75;https://cf.geekdo-images.com/v4Rk-agCbbmMNo3vUQ1IcA__thumb/img/470q2hMMP1V-75tKqU7OBh6WzjU=/fit-in/200x150/filters:strip_icc()/pic1918128.jpg;https://cf.geekdo-images.com/v4Rk-agCbbmMNo3vUQ1IcA__original/img/OBN9ylDZWWIP302NRxikjE4l9bc=/0x0/filters:format(jpeg)/pic1918128.jpg
170199;Solarius Mission;2716;2;4;60;150;https://cf.geekdo-images.com/1d5NyoCPSt09l7iJeRzHNQ__thumb/img/nRtmjA8PjCOfHPB2ZS2ocr-Faw8=/fit-in/200x150/filters:strip_icc()/pic3138497.jpg;https://cf.geekdo-images.com/1d5NyoCPSt09l7iJeRzHNQ__original/img/vrm_K9i3RI7oCW7O-zM6XVA1WB0=/0x0/filters:format(jpeg)/pic3138497.jpg
20551;Shogun;187;3;5;90;120;https://cf.geekdo-images.com/j6UzppDoJv9tKHQl-pWpIw__thumb/img/BcVo6uokndgMSoFdIdEmgu-2C1o=/fit-in/200x150/filters:strip_icc()/pic3336315.jpg;https://cf.geekdo-images.com/j6UzppDoJv9tKHQl-pWpIw__original/img/Yu1D0BNyavkX_SV8EK056FxfRsw=/0x0/filters:format(jpeg)/pic3336315.jpg
177678;Signorie;703;2;4;90;120;https://cf.geekdo-images.com/Nq7RZa78giIv6IdfPWCMvQ__thumb/img/-CUyKUt1lFJjpivhset1eX0Swso=/fit-in/200x150/filters:strip_icc()/pic2684003.jpg;https://cf.geekdo-images.com/Nq7RZa78giIv6IdfPWCMvQ__original/img/Yu4EM1Xl6KgxdSrrROspBLMKn3U=/0x0/filters:format(jpeg)/pic2684003.jpg
255037;Silk;4291;2;4;45;45;https://cf.geekdo-images.com/09W9RVgQH3iczXgNpc4t4A__thumb/img/7Gnu1fAzXwPA83uqNtMtd5fobvo=/fit-in/200x150/filters:strip_icc()/pic4232947.jpg;https://cf.geekdo-images.com/09W9RVgQH3iczXgNpc4t4A__original/img/Q9MMOtDDzodc6c93FWbM1UmBUG0=/0x0/filters:format(jpeg)/pic4232947.jpg
239964;Slam Burger;;4;8;0;0;https://cf.geekdo-images.com/wIdJWjYScBDpUbspXnLi-Q__thumb/img/X5IhQZnRE46D-vUlcvgw_s3Wp3I=/fit-in/200x150/filters:strip_icc()/pic3971558.jpg;https://cf.geekdo-images.com/wIdJWjYScBDpUbspXnLi-Q__original/img/-Fnc0Wj9b0fBUkLCQZu4VbABv0c=/0x0/filters:format(jpeg)/pic3971558.jpg
246684;Smartphone Inc.;698;1;5;60;90;https://cf.geekdo-images.com/Ndctxvd7kBXYubeYRKRqzw__thumb/img/hJtPqShJYdb8DsdnTvpdkXrx-CU=/fit-in/200x150/filters:strip_icc()/pic4258616.jpg;https://cf.geekdo-images.com/Ndctxvd7kBXYubeYRKRqzw__original/img/gGL8Fh-pFgTqB3lF-47ClLYLu8s=/0x0/filters:format(jpeg)/pic4258616.jpg
206802;Spaghetti;9667;2;4;20;30;https://cf.geekdo-images.com/c4TmP5Ea8M1oBqtdZR6evw__thumb/img/1jlo5FQLG37lZvT_9GGkPHOG8ow=/fit-in/200x150/filters:strip_icc()/pic3159338.jpg;https://cf.geekdo-images.com/c4TmP5Ea8M1oBqtdZR6evw__original/img/r8bJKyP3hmpvWvcw6Dro7IU4aUg=/0x0/filters:format(jpeg)/pic3159338.jpg
148228;Splendor;165;2;4;30;30;https://cf.geekdo-images.com/rwOMxx4q5yuElIvo-1-OFw__thumb/img/D4hkkHfOgu22PwgJomjplWAveuo=/fit-in/200x150/filters:strip_icc()/pic1904079.jpg;https://cf.geekdo-images.com/rwOMxx4q5yuElIvo-1-OFw__original/img/Y2tUGY2nPTGd_epJYKQXPkQD8AM=/0x0/filters:format(jpeg)/pic1904079.jpg
121410;Steam Park;904;2;4;60;60;https://cf.geekdo-images.com/HA0kPnNDm7O0gh0ukPcGcw__thumb/img/zZNZq4mvxP9y-MxZQyeHvFsDhdk=/fit-in/200x150/filters:strip_icc()/pic2656302.jpg;https://cf.geekdo-images.com/HA0kPnNDm7O0gh0ukPcGcw__original/img/o98tRHk91X2oFIsYeyXvrJJixss=/0x0/filters:format(jpeg)/pic2656302.jpg
266980;Steamopolis;7214;1;4;60;100;https://cf.geekdo-images.com/qsklgT-nAk7ZIlkwDb2QJA__thumb/img/NOt5g9sFjMbnGxWDRsYWC9OhX78=/fit-in/200x150/filters:strip_icc()/pic4895869.jpg;https://cf.geekdo-images.com/qsklgT-nAk7ZIlkwDb2QJA__original/img/IFH3PcElq6E5xmEYiBANZ5MRqmk=/0x0/filters:format(jpeg)/pic4895869.jpg
204;Stephenson's Rocket;1236;2;4;60;60;https://cf.geekdo-images.com/ti-qlB8U-mds0ebW6qt5lA__thumb/img/SIquy8lqo62MojDnv5ZWDIVQY3A=/fit-in/200x150/filters:strip_icc()/pic3683645.jpg;https://cf.geekdo-images.com/ti-qlB8U-mds0ebW6qt5lA__original/img/Ybtu59ukKHEdmxJwCAfH0N-_ZH8=/0x0/filters:format(jpeg)/pic3683645.jpg
257669;Streaming;8750;3;5;30;30;https://cf.geekdo-images.com/XEMgh5_zLTTOjUa2Imz5RQ__thumb/img/hqWPdRz54unplRy1Upuahz2N3kc=/fit-in/200x150/filters:strip_icc()/pic4256163.jpg;https://cf.geekdo-images.com/XEMgh5_zLTTOjUa2Imz5RQ__original/img/O--5paShygLlG-_eGQIvTXAxiPM=/0x0/filters:format(jpeg)/pic4256163.jpg
186501;Super PACS;11719;2;4;30;60;https://cf.geekdo-images.com/DSDqBKtH7UYdDjC0OHNZ6A__thumb/img/qEVGzq_zOWN_geeaBZd6mB22Y9I=/fit-in/200x150/filters:strip_icc()/pic2853052.png;https://cf.geekdo-images.com/DSDqBKtH7UYdDjC0OHNZ6A__original/img/tTX_eV7kdt79iiVbaQvvpBKEUZo=/0x0/filters:format(png)/pic2853052.png
230514;Tadmor;8198;2;4;90;120;https://cf.geekdo-images.com/zssmP4Rk13IgwakFXsvnpQ__thumb/img/MIzz2Nm0p30-gJHGjZZTFssA2-g=/fit-in/200x150/filters:strip_icc()/pic3700717.jpg;https://cf.geekdo-images.com/zssmP4Rk13IgwakFXsvnpQ__original/img/Wk7ejUpBfJTGDphntf2ruYOGmU8=/0x0/filters:format(jpeg)/pic3700717.jpg
257722;Taiwan Formosa;10259;2;5;50;60;https://cf.geekdo-images.com/ooXXjQOb_k_13QLaFky-vg__thumb/img/5ZUYk_Mp20U3B1jL8ytL5X2v3IQ=/fit-in/200x150/filters:strip_icc()/pic4260229.jpg;https://cf.geekdo-images.com/ooXXjQOb_k_13QLaFky-vg__original/img/LWTFdSee3-80Skus_f5_ZqBiQc8=/0x0/filters:format(jpeg)/pic4260229.jpg
475;Taj Mahal;425;3;5;75;100;https://cf.geekdo-images.com/1AbjSJSVWFJ5GEXriWLd0w__thumb/img/Hl5F3BOBmcd-NmdNfkbDHbqheNo=/fit-in/200x150/filters:strip_icc()/pic4092498.jpg;https://cf.geekdo-images.com/1AbjSJSVWFJ5GEXriWLd0w__original/img/pUWU53usRd2ck1OAXApT5haZUW4=/0x0/filters:format(jpeg)/pic4092498.jpg
238889;Tales of the Northlands: The Sagas of Noggin the Nog;4156;1;4;120;150;https://cf.geekdo-images.com/p2ql7TP2Ltct7Bt9CIz_mw__thumb/img/B6QoG_NuqJrCSNnQEfYQKjkoKD4=/fit-in/200x150/filters:strip_icc()/pic4085724.jpg;https://cf.geekdo-images.com/p2ql7TP2Ltct7Bt9CIz_mw__original/img/h8TF-_a4sUAhJuNECV5Agt8VFn4=/0x0/filters:format(jpeg)/pic4085724.jpg
17161;Tempus;1971;3;5;60;120;https://cf.geekdo-images.com/HbByF3L0K1SdYldIlOJK_Q__thumb/img/2LMtuAl4hssI5FCi5VfpApvdBi0=/fit-in/200x150/filters:strip_icc()/pic218485.jpg;https://cf.geekdo-images.com/HbByF3L0K1SdYldIlOJK_Q__original/img/I5ptZKlYNda-RllUrHfDcdkGTlU=/0x0/filters:format(jpeg)/pic218485.jpg
120677;Terra Mystica;16;2;5;60;150;https://cf.geekdo-images.com/bre12I1YiXkZr7elvriz4A__thumb/img/GW-ip0dfeAee7KQqJ04SRZxF1lg=/fit-in/200x150/filters:strip_icc()/pic5375624.jpg;https://cf.geekdo-images.com/bre12I1YiXkZr7elvriz4A__original/img/_dZS7fVfdc4DhJPbqnDpwTT4uF0=/0x0/filters:format(jpeg)/pic5375624.jpg
272427;Terramara;1650;2;4;120;120;https://cf.geekdo-images.com/GShuHzw0HW7JhjBhbB6sRg__thumb/img/IHqGv8LVGQjPYUFE3Qymx7WeAq8=/fit-in/200x150/filters:strip_icc()/pic4583975.jpg;https://cf.geekdo-images.com/GShuHzw0HW7JhjBhbB6sRg__original/img/qZcoe2-I30FfzpUqWuSVlpq4J98=/0x0/filters:format(jpeg)/pic4583975.jpg
226322;That's a Question!;7006;3;6;30;30;https://cf.geekdo-images.com/MTGTksYC45yzbOB-UJdBTw__thumb/img/Pe10KxKTwYWeK_Ikgu0YJEsDdkk=/fit-in/200x150/filters:strip_icc()/pic3643950.jpg;https://cf.geekdo-images.com/MTGTksYC45yzbOB-UJdBTw__original/img/Mzb1d-T1X992LnjqdeqkMd4ewAc=/0x0/filters:format(jpeg)/pic3643950.jpg
261529;The Boldest;5761;2;5;30;90;https://cf.geekdo-images.com/2igp3-QEN6v2tZm-MwrEPA__thumb/img/l9Z4TQVVnEQomKQUoIqcL8_50eY=/fit-in/200x150/filters:strip_icc()/pic4328782.jpg;https://cf.geekdo-images.com/2igp3-QEN6v2tZm-MwrEPA__original/img/Xnlle7rdXuWecvCZqJIcaEhg73k=/0x0/filters:format(jpeg)/pic4328782.jpg
240567;Chocolate Factory;1952;1;4;45;90;https://cf.geekdo-images.com/BshwmBDyZyxqvdUOWjtReA__thumb/img/0IZPV_GCXZnOukPenSJndOl_XuE=/fit-in/200x150/filters:strip_icc()/pic4287283.jpg;https://cf.geekdo-images.com/BshwmBDyZyxqvdUOWjtReA__original/img/3T-3Nmq69fwuPdLhxuzz82mZXEk=/0x0/filters:format(jpeg)/pic4287283.jpg
13004;The Downfall of Pompeii;534;2;4;45;45;https://cf.geekdo-images.com/eZjGZ9O4hdUnc47rDgAgRg__thumb/img/Ii0rodwBgEzpHofswh32VECo1xk=/fit-in/200x150/filters:strip_icc()/pic1685805.jpg;https://cf.geekdo-images.com/eZjGZ9O4hdUnc47rDgAgRg__original/img/dH4prpq1jPIi9IS_7a44MlBm6J4=/0x0/filters:format(jpeg)/pic1685805.jpg
165884;The Festivals;;2;4;30;45;https://cf.geekdo-images.com/qnHWCkimYEoZOwFaqGq-cg__thumb/img/WcKLMon_D9Brmfuy4Ygn9V3mKBw=/fit-in/200x150/filters:strip_icc()/pic3526223.jpg;https://cf.geekdo-images.com/qnHWCkimYEoZOwFaqGq-cg__original/img/ghBfYhcshMYJSaTZm3eLPfou8YM=/0x0/filters:format(jpeg)/pic3526223.jpg
177875;The Last Spike;3823;2;6;45;45;https://cf.geekdo-images.com/reX2Hp3msu0Nejm1rvDprw__thumb/img/8EpFX7umb_RNNAj2GmTcBQ89TGQ=/fit-in/200x150/filters:strip_icc()/pic2520550.png;https://cf.geekdo-images.com/reX2Hp3msu0Nejm1rvDprw__original/img/QfEwvpFT__995o0W3nrVrwVwvtU=/0x0/filters:format(png)/pic2520550.png
283863;The Magnificent;981;1;4;60;90;https://cf.geekdo-images.com/6pci74DWc7U7XuwkfpEu2Q__thumb/img/K-X_5jjTMmesaFzFUoFOZu5p_AU=/fit-in/200x150/filters:strip_icc()/pic4871117.jpg;https://cf.geekdo-images.com/6pci74DWc7U7XuwkfpEu2Q__original/img/wrPl4ne51gvMUIeUuv56k02CUhE=/0x0/filters:format(jpeg)/pic4871117.jpg
193558;The Oracle of Delphi;562;2;4;70;100;https://cf.geekdo-images.com/B3wVBSgHz1SW3VfcwbNvIA__thumb/img/z5eHOpwpI70RpFsiFcciqxBtPyk=/fit-in/200x150/filters:strip_icc()/pic3126511.jpg;https://cf.geekdo-images.com/B3wVBSgHz1SW3VfcwbNvIA__original/img/gYJaqZ7p1H_KnGIhRK8UFXHzDYo=/0x0/filters:format(jpeg)/pic3126511.jpg
555;The Princes of Florence;178;2;5;75;100;https://cf.geekdo-images.com/yshiqrUPxndthguBgp3NKw__thumb/img/xTtSIhQQ2ktO5tvSq5jSx9z3O-8=/fit-in/200x150/filters:strip_icc()/pic1306997.jpg;https://cf.geekdo-images.com/yshiqrUPxndthguBgp3NKw__original/img/EK59Ujc2XKAg-gCDE90t0DGEoWM=/0x0/filters:format(jpeg)/pic1306997.jpg
257759;The River;2141;2;4;30;45;https://cf.geekdo-images.com/ZmxO1MJdYqWHsVGuy2elPw__thumb/img/BmmJISWrgSPXfvc8-IEtSgbkwcM=/fit-in/200x150/filters:strip_icc()/pic4283642.png;https://cf.geekdo-images.com/ZmxO1MJdYqWHsVGuy2elPw__original/img/TPB0H95Vej6ijSEop4b_HgaIwTY=/0x0/filters:format(png)/pic4283642.png
177538;The Sands of Time;6783;2;5;120;180;https://cf.geekdo-images.com/LwHaHWbX046OevM3TY23xg__thumb/img/ROKLsORG_5dX9BfPqDZNXHFBAB4=/fit-in/200x150/filters:strip_icc()/pic4050100.jpg;https://cf.geekdo-images.com/LwHaHWbX046OevM3TY23xg__original/img/4wGZTHDwBB0T5URzA0zju7-4NQg=/0x0/filters:format(jpeg)/pic4050100.jpg
1345;Genoa;684;2;5;60;120;https://cf.geekdo-images.com/qvdaFRXlvJ2e0Qzppl-QTg__thumb/img/6rmlx_FNiI_sxM82CNCpADlP2EQ=/fit-in/200x150/filters:strip_icc()/pic450409.jpg;https://cf.geekdo-images.com/qvdaFRXlvJ2e0Qzppl-QTg__original/img/ygHyecf3NtVjZYDEKpr9ABYpD5s=/0x0/filters:format(jpeg)/pic450409.jpg
282438;Throne of Allegoria;6650;2;4;60;120;https://cf.geekdo-images.com/8NUOhdthDz91Yo7-BwjF4g__thumb/img/c_N4-UaVxniHtIH5kEPO77aX9dw=/fit-in/200x150/filters:strip_icc()/pic4887959.jpg;https://cf.geekdo-images.com/8NUOhdthDz91Yo7-BwjF4g__original/img/V6YzTxdpDGlbqAW51T2Y9xvh7bA=/0x0/filters:format(jpeg)/pic4887959.jpg
21790;Thurn and Taxis;420;2;4;60;60;https://cf.geekdo-images.com/OlwMFxx9t6HGndTSKaWxhg__thumb/img/Fz4ZowJ6MyHSUTZv6XVPs5w4NM0=/fit-in/200x150/filters:strip_icc()/pic115300.jpg;https://cf.geekdo-images.com/OlwMFxx9t6HGndTSKaWxhg__original/img/SPiwIEJ1u6hBJtG4p4BrCgrPwDs=/0x0/filters:format(jpeg)/pic115300.jpg
215;Tichu;167;4;4;60;60;https://cf.geekdo-images.com/gz8_8iYP2SSGVAxpp7CwLg__thumb/img/5jkPnPGk5LWNzuW5GANPDLa4ZRA=/fit-in/200x150/filters:strip_icc()/pic5854968.png;https://cf.geekdo-images.com/gz8_8iYP2SSGVAxpp7CwLg__original/img/9ULfNvkyu0k1m0d63-Mk0k5e0MA=/0x0/filters:format(png)/pic5854968.png
9209;Ticket to Ride;171;2;5;30;60;https://cf.geekdo-images.com/ZWJg0dCdrWHxVnc0eFXK8w__thumb/img/a9rsFV6KR0aun8GobhRU16aU8Kc=/fit-in/200x150/filters:strip_icc()/pic38668.jpg;https://cf.geekdo-images.com/ZWJg0dCdrWHxVnc0eFXK8w__original/img/LgzEsQlF3xkSEQLoorc8ntiYiIY=/0x0/filters:format(jpeg)/pic38668.jpg
215463;Tokyo Highway;1982;2;2;30;50;https://cf.geekdo-images.com/HYD-FGWnz9wIQ7RpPzupbw__thumb/img/lNSXogJO9z9zyTvlLpXjElBmfMw=/fit-in/200x150/filters:strip_icc()/pic3290526.png;https://cf.geekdo-images.com/HYD-FGWnz9wIQ7RpPzupbw__original/img/yJgs3azGnqNdPx0akLW3R6059KI=/0x0/filters:format(png)/pic3290526.png
191877;Touria;4052;2;4;45;60;https://cf.geekdo-images.com/Olru6Ye7xFarwm9vnTN7aQ__thumb/img/iOcTdpvyxEsKOrRHFZJbzu54m40=/fit-in/200x150/filters:strip_icc()/pic3193547.jpg;https://cf.geekdo-images.com/Olru6Ye7xFarwm9vnTN7aQ__original/img/JHj2z2CD2u1RYc9TvUQ5cB75yeM=/0x0/filters:format(jpeg)/pic3193547.jpg
250754;Trade on the Tigris;3887;3;6;60;90;https://cf.geekdo-images.com/ZlfrYw7e_kx_p6owTP2w3g__thumb/img/PiU3-E6a3RSiLDcEmqmtgQwecX4=/fit-in/200x150/filters:strip_icc()/pic4226115.png;https://cf.geekdo-images.com/ZlfrYw7e_kx_p6owTP2w3g__original/img/o16XcYJTrm7s9PgCvQ0ZhsSdlaU=/0x0/filters:format(png)/pic4226115.png
175293;Trambahn;1410;2;2;30;45;https://cf.geekdo-images.com/3d-sq2Dmx1Xkt6w9rC0MmQ__thumb/img/obKY1axgFLxeBPgCRIHO6HVvZ4Y=/fit-in/200x150/filters:strip_icc()/pic2524793.jpg;https://cf.geekdo-images.com/3d-sq2Dmx1Xkt6w9rC0MmQ__original/img/nHzktlDPFJkL8_0_d7yXdVkJTTc=/0x0/filters:format(jpeg)/pic2524793.jpg
163805;Transatlantic;1323;2;4;60;120;https://cf.geekdo-images.com/3CfMSb-Ox3M-Aqcv7xjLCg__thumb/img/9gbeQCj9zxZE9JYryP35C2lCVtU=/fit-in/200x150/filters:strip_icc()/pic3727022.jpg;https://cf.geekdo-images.com/3CfMSb-Ox3M-Aqcv7xjLCg__original/img/CE9OXeh5I8H3n1HikCBfsFAFQkY=/0x0/filters:format(jpeg)/pic3727022.jpg
30957;Tribune: Primus Inter Pares;622;2;5;60;120;https://cf.geekdo-images.com/4M-gGQVY5MOtrOkkV8P6fQ__thumb/img/sG_qGOhk9z6N0STHdQV4R3_akCI=/fit-in/200x150/filters:strip_icc()/pic413081.jpg;https://cf.geekdo-images.com/4M-gGQVY5MOtrOkkV8P6fQ__original/img/J8VHW_g2gEhiBt0W_efsALkt35E=/0x0/filters:format(jpeg)/pic413081.jpg
281442;Trismegistus: The Ultimate Formula;784;1;4;90;120;https://cf.geekdo-images.com/3p7c-u4I9YpHRh1ET--7KQ__thumb/img/ls291pf29DbrptJQCLE_nD_Qa1Y=/fit-in/200x150/filters:strip_icc()/pic5373953.jpg;https://cf.geekdo-images.com/3p7c-u4I9YpHRh1ET--7KQ__original/img/XGFiRfH8Z9eygUDHgM7W4YNvspQ=/0x0/filters:format(jpeg)/pic5373953.jpg
219512;Tudor;3159;2;4;90;120;https://cf.geekdo-images.com/VN3vp3ovOPsqaiNjqvdDBA__thumb/img/4-lKH557Wmz1gGkHQujSrQgTrsA=/fit-in/200x150/filters:strip_icc()/pic4126652.png;https://cf.geekdo-images.com/VN3vp3ovOPsqaiNjqvdDBA__original/img/dniOod9ZfV_bzR_S6Y5lsqjSKKc=/0x0/filters:format(png)/pic4126652.png
126163;Tzolk'in: The Mayan Calendar;39;2;4;90;90;https://cf.geekdo-images.com/qM0qZaiTHOutr9cZZLqA1g__thumb/img/cxp5kqI0KggD9uJwWseBJj2zyZE=/fit-in/200x150/filters:strip_icc()/pic1413480.jpg;https://cf.geekdo-images.com/qM0qZaiTHOutr9cZZLqA1g__original/img/-xBboQR4Kur1QxKeJ9b_Ad28GqA=/0x0/filters:format(jpeg)/pic1413480.jpg
25420;Ur;3004;3;4;45;45;https://cf.geekdo-images.com/Fe7RkifyzwmHVrPgxrfHWw__thumb/img/ojlN8UWOBYhE9CkZCQLmGahs634=/fit-in/200x150/filters:strip_icc()/pic145204.jpg;https://cf.geekdo-images.com/Fe7RkifyzwmHVrPgxrfHWw__original/img/pITC1mwwBMlo9_Z8jsEgC_6rkrg=/0x0/filters:format(jpeg)/pic145204.jpg
41002;Vasco da Gama;609;2;4;60;120;https://cf.geekdo-images.com/wiMpH9Cr_zIRMdzSdvyLrA__thumb/img/Lnsia_j2EpPeYTIeuEUNpHIk0ns=/fit-in/200x150/filters:strip_icc()/pic495883.jpg;https://cf.geekdo-images.com/wiMpH9Cr_zIRMdzSdvyLrA__original/img/bmW65H5hdw8bPe_IT9o97YrS-Kg=/0x0/filters:format(jpeg)/pic495883.jpg
245371;Vejen;9549;2;4;60;120;https://cf.geekdo-images.com/w7qd0iHLhlGI0tLopJ79PA__thumb/img/pGZsRgMe_oNI9C3ytE5Mbaj7qVk=/fit-in/200x150/filters:strip_icc()/pic4314143.png;https://cf.geekdo-images.com/w7qd0iHLhlGI0tLopJ79PA__original/img/7kdZ64_PolmlvuAjdiqBAbW3Gc8=/0x0/filters:format(png)/pic4314143.png
172;For Sale;299;3;6;30;30;https://cf.geekdo-images.com/dJh9HkZC346NgPTAicJq_A__thumb/img/3cgW5aP-JJeKSpZMjA0NFheMnfY=/fit-in/200x150/filters:strip_icc()/pic1513085.jpg;https://cf.geekdo-images.com/dJh9HkZC346NgPTAicJq_A__original/img/6ib2NLakSlsf69WYwCOe9NNLcsc=/0x0/filters:format(jpeg)/pic1513085.jpg
2596;Villa Paletti;1767;2;4;30;30;https://cf.geekdo-images.com/RIl9xfBG7mGFNhWVLCrTlA__thumb/img/Gmqy6UppvoaPqecIQhyS_BgHd4s=/fit-in/200x150/filters:strip_icc()/pic168173.jpg;https://cf.geekdo-images.com/RIl9xfBG7mGFNhWVLCrTlA__original/img/logjE-X4m_BOtu_z0zmqTIpBExA=/0x0/filters:format(jpeg)/pic168173.jpg
175640;Vinhos Deluxe Edition;112;1;4;60;135;https://cf.geekdo-images.com/JuyN9UOenAG_BlO-APPpdw__thumb/img/hQLejMza7x_sM1hW24jAocbyqHY=/fit-in/200x150/filters:strip_icc()/pic2649446.jpg;https://cf.geekdo-images.com/JuyN9UOenAG_BlO-APPpdw__original/img/_0ZWOmqFvL5UybNWgPIyioib3mQ=/0x0/filters:format(jpeg)/pic2649446.jpg
87120;Vintage;6051;2;4;60;120;https://cf.geekdo-images.com/zhpUh_nnhfhfcrW7rJOsug__thumb/img/0t3RAoyOrBcWHXF3LBkN8Z3HA_Q=/fit-in/200x150/filters:strip_icc()/pic1212455.jpg;https://cf.geekdo-images.com/zhpUh_nnhfhfcrW7rJOsug__original/img/7B2OLZsYCkvsJu07ZKKW4HIZL94=/0x0/filters:format(jpeg)/pic1212455.jpg
194690;Viral;1149;2;5;60;90;https://cf.geekdo-images.com/NeZO7t39b9_PM4juLEluSw__thumb/img/k6HQegk6BmEj3fuVF1bcRA8jFoY=/fit-in/200x150/filters:strip_icc()/pic3399864.jpg;https://cf.geekdo-images.com/NeZO7t39b9_PM4juLEluSw__original/img/IuSKAbgCefvOLsCfRlTemO0pea0=/0x0/filters:format(jpeg)/pic3399864.jpg
233867;Welcome To...;124;1;100;25;25;https://cf.geekdo-images.com/g4XmxyKhNVdhC3QPd1purQ__thumb/img/e3bCyIvM1IOGFYnKGj2jIn5mbKY=/fit-in/200x150/filters:strip_icc()/pic3761012.jpg;https://cf.geekdo-images.com/g4XmxyKhNVdhC3QPd1purQ__original/img/pb6XFQZFUNOr6OPysOHB3usVDFk=/0x0/filters:format(jpeg)/pic3761012.jpg
229265;Wendake;885;1;4;60;120;https://cf.geekdo-images.com/N_oaV30_ImihsgPhYAUyiQ__thumb/img/5Ux0lbcU6kZPSGW3SpKFQhdw9ww=/fit-in/200x150/filters:strip_icc()/pic4110410.jpg;https://cf.geekdo-images.com/N_oaV30_ImihsgPhYAUyiQ__original/img/BfzNBdQu-iHq3nA9Dfnwhz06EyQ=/0x0/filters:format(jpeg)/pic4110410.jpg
221318;Whistle Stop;917;2;5;75;75;https://cf.geekdo-images.com/lqMkVVt-crNAadXFzL1Rnw__thumb/img/HZAtWOABMFpGzvT3CIO64DD_L2Q=/fit-in/200x150/filters:strip_icc()/pic3472683.jpg;https://cf.geekdo-images.com/lqMkVVt-crNAadXFzL1Rnw__original/img/hShzCnIkAaDKwxCYocoX_ANz6Gk=/0x0/filters:format(jpeg)/pic3472683.jpg
266192;Wingspan;20;1;5;40;70;https://cf.geekdo-images.com/yLZJCVLlIx4c7eJEWUNJ7w__thumb/img/VNToqgS2-pOGU6MuvIkMPKn_y-s=/fit-in/200x150/filters:strip_icc()/pic4458123.jpg;https://cf.geekdo-images.com/yLZJCVLlIx4c7eJEWUNJ7w__original/img/cI782Zis9cT66j2MjSHKJGnFPNw=/0x0/filters:format(jpeg)/pic4458123.jpg
79068;Wrong Chemistry;5851;2;4;30;30;https://cf.geekdo-images.com/mnat2HzKzebN2kUzdH4_eQ__thumb/img/XzVgC49PNEUiMXz4jrFOpRUMuGY=/fit-in/200x150/filters:strip_icc()/pic2887789.jpg;https://cf.geekdo-images.com/mnat2HzKzebN2kUzdH4_eQ__original/img/F58t_UgQ6Uz1Brjl3c3Uqq6tSF4=/0x0/filters:format(jpeg)/pic2887789.jpg
266460;Yinzi;3402;2;4;100;180;https://cf.geekdo-images.com/9NH9TLeVaY9k5R8v3Tl_0w__thumb/img/ozHXN3TdUvf0XM0icsm4Du8bl9g=/fit-in/200x150/filters:strip_icc()/pic4437886.jpg;https://cf.geekdo-images.com/9NH9TLeVaY9k5R8v3Tl_0w__original/img/hH0_5bDfyE0XldBT0V8zV59zPKA=/0x0/filters:format(jpeg)/pic4437886.jpg
32996;Yucatán;17434;2;4;45;60;https://cf.geekdo-images.com/p8atNUKbbVfbdEfdVHqMzw__thumb/img/EUjbBJl25Vyblel3WFE1Pa30ogM=/fit-in/200x150/filters:strip_icc()/pic361971.jpg;https://cf.geekdo-images.com/p8atNUKbbVfbdEfdVHqMzw__original/img/GsnTZZAGKqpOUMwO68LvH4U3e1Q=/0x0/filters:format(jpeg)/pic361971.jpg
283294;Yukon Airways;1749;1;4;60;90;https://cf.geekdo-images.com/mlIbxA4RlBjCSudcbtVqNw__thumb/img/skLNV-ftYo44rvt3D3DKdykv_eY=/fit-in/200x150/filters:strip_icc()/pic4830567.jpg;https://cf.geekdo-images.com/mlIbxA4RlBjCSudcbtVqNw__original/img/dMT0fBntaHlAZaeSmLeZSjKXWfI=/0x0/filters:format(jpeg)/pic4830567.jpg
160495;ZhanGuo;515;2;4;60;120;https://cf.geekdo-images.com/asueS9har0y10uk672cbGw__thumb/img/80v16ohwO4WQNiR6Yoo_9IHI2NY=/fit-in/200x150/filters:strip_icc()/pic2242246.jpg;https://cf.geekdo-images.com/asueS9har0y10uk672cbGw__original/img/nq95-sVAgp9Hc4nNi8UMrJt2LFw=/0x0/filters:format(jpeg)/pic2242246.jpg
